program_code,program_title,credential_type,catalog_year,program_total_credits,requirement_group,requirement_type,course_id,course_credits,choice_group_id,choice_group_target_credits,source_file,source_row,raw_rule_text,status,notes,course_title
A25590,Information Technology,TRD,2026,66.0,General Education Requirements,general_education_choice,ENG110,3,A25590::GE Required ENG Pick,3.0,2026_POS_Reduced.xlsx,2,From S26392 ENG-110,ok,,Freshman Composition
A25590,Information Technology,TRD,2026,66.0,General Education Requirements,general_education_choice,ENG111,3,A25590::GE Required ENG Pick,3.0,2026_POS_Reduced.xlsx,3,S26393 ENG-111,ok,,Writing and Inquiry
A25590,Information Technology,TRD,2026,66.0,General Education Requirements,general_education_choice,COM110,3,A25590::GE Required Pick,3.0,2026_POS_Reduced.xlsx,5,From S13264 COM-110,ok,,Introduction to Communication
A25590,Information Technology,TRD,2026,66.0,General Education Requirements,general_education_choice,COM120,3,A25590::GE Required Pick,3.0,2026_POS_Reduced.xlsx,6,S21722 COM-120,ok,,Intro Interpersonal Com
A25590,Information Technology,TRD,2026,66.0,General Education Requirements,general_education_choice,COM231,3,A25590::GE Required Pick,3.0,2026_POS_Reduced.xlsx,7,S12601 COM-231,ok,,Public Speaking
A25590,Information Technology,TRD,2026,66.0,General Education Requirements,general_education_choice,ENG112,3,A25590::GE Required Pick,3.0,2026_POS_Reduced.xlsx,8,S24024 ENG-112,ok,,Writing/Research in the Disc
A25590,Information Technology,TRD,2026,66.0,General Education Requirements,general_education_choice,ENG114,3,A25590::GE Required Pick,3.0,2026_POS_Reduced.xlsx,9,S13706 ENG-114,ok,,Prof Research & Reporting
A25590,Information Technology,TRD,2026,66.0,General Education Requirements,general_education_choice,ART111,3,A25590::HUM/FINE Arts Pick,3.0,2026_POS_Reduced.xlsx,11,> Take From 3 credits S10139 ART-111,ok,,Art Appreciation
A25590,Information Technology,TRD,2026,66.0,General Education Requirements,general_education_choice,HUM110,3,A25590::HUM/FINE Arts Pick,3.0,2026_POS_Reduced.xlsx,12,S14059 HUM-110,ok,,Technology and Society
A25590,Information Technology,TRD,2026,66.0,General Education Requirements,general_education_choice,HUM115,3,A25590::HUM/FINE Arts Pick,3.0,2026_POS_Reduced.xlsx,13,S26396 HUM-115,ok,,Critical Thinking
A25590,Information Technology,TRD,2026,66.0,General Education Requirements,general_education_choice,HUM230,3,A25590::HUM/FINE Arts Pick,3.0,2026_POS_Reduced.xlsx,14,S11154 HUM-230,ok,,Leadership Development
A25590,Information Technology,TRD,2026,66.0,General Education Requirements,general_education_choice,MUS110,3,A25590::HUM/FINE Arts Pick,3.0,2026_POS_Reduced.xlsx,15,S13676 MUS-110,ok,,Music Appreciation
A25590,Information Technology,TRD,2026,66.0,General Education Requirements,general_education_choice,PHI240,3,A25590::HUM/FINE Arts Pick,3.0,2026_POS_Reduced.xlsx,16,S24029 PHI-240,ok,,Introduction to Ethics
A25590,Information Technology,TRD,2026,66.0,General Education Requirements,general_education_choice,ECO151,3,A25590::Take From SCI Pick,3.0,2026_POS_Reduced.xlsx,17,SOC/BEHAV > Take From SCI Pick 3 credits S13257 ECO-151,ok,,Survey of Economics
A25590,Information Technology,TRD,2026,66.0,General Education Requirements,general_education_choice,ECO251,3,A25590::Take From SCI Pick,3.0,2026_POS_Reduced.xlsx,18,S11774 ECO-251,ok,,Prin of Microeconomics
A25590,Information Technology,TRD,2026,66.0,General Education Requirements,general_education_choice,ECO252,3,A25590::Take From SCI Pick,3.0,2026_POS_Reduced.xlsx,19,S11710 ECO-252,ok,,Prin of Macroeconomics
A25590,Information Technology,TRD,2026,66.0,General Education Requirements,general_education_choice,POL120,3,A25590::Take From SCI Pick,3.0,2026_POS_Reduced.xlsx,20,S24030 POL-120,ok,,American Government
A25590,Information Technology,TRD,2026,66.0,General Education Requirements,general_education_choice,PSY118,3,A25590::Take From SCI Pick,3.0,2026_POS_Reduced.xlsx,21,S11025 PSY-118,ok,,Interpersonal Psychology
A25590,Information Technology,TRD,2026,66.0,General Education Requirements,general_education_choice,PSY150,3,A25590::Take From SCI Pick,3.0,2026_POS_Reduced.xlsx,22,S10777 PSY-150,ok,,General Psychology
A25590,Information Technology,TRD,2026,66.0,General Education Requirements,general_education_choice,SOC210,3,A25590::Take From SCI Pick,3.0,2026_POS_Reduced.xlsx,23,S11919 SOC-210,ok,,Introduction to Sociology
A25590,Information Technology,TRD,2026,66.0,General Education Requirements,general_education_choice,MAT110,3,A25590::NAT/SCI/Mathematics Pick,3.0,2026_POS_Reduced.xlsx,25,From S26398 MAT-110,ok,,Math Measurement & Literacy
A25590,Information Technology,TRD,2026,66.0,General Education Requirements,general_education_choice,MAT121,3,A25590::NAT/SCI/Mathematics Pick,3.0,2026_POS_Reduced.xlsx,26,S26399 MAT-121,ok,,Algebra/Trigonometry I
A25590,Information Technology,TRD,2026,66.0,General Education Requirements,general_education_choice,MAT143,3,A25590::NAT/SCI/Mathematics Pick,3.0,2026_POS_Reduced.xlsx,27,S26401 MAT-143,ok,,Quantitative Literacy
A25590,Information Technology,TRD,2026,66.0,General Education Requirements,general_education_choice,MAT152,4,A25590::NAT/SCI/Mathematics Pick,3.0,2026_POS_Reduced.xlsx,28,S26402 MAT-152,ok,,Statistical Methods I
A25590,Information Technology,TRD,2026,66.0,General Education Requirements,general_education_choice,MAT171,4,A25590::NAT/SCI/Mathematics Pick,3.0,2026_POS_Reduced.xlsx,29,S26403 MAT-171,ok,,Precalculus Algebra
A25590,Information Technology,TRD,2026,66.0,Major Requirements,major_required,CTI110,3,A25590::MAJ Required Courses,9.0,2026_POS_Reduced.xlsx,31,From S26503 CTI-110,ok,,IT Foundations
A25590,Information Technology,TRD,2026,66.0,Major Requirements,major_required,CTI120,3,A25590::MAJ Required Courses,9.0,2026_POS_Reduced.xlsx,32,S26504 CTI-120,ok,,Network & Sec Foundations
A25590,Information Technology,TRD,2026,66.0,Major Requirements,major_required,CTS115,3,A25590::MAJ Required Courses,9.0,2026_POS_Reduced.xlsx,33,S20996 CTS-115 2006SP Info Sys Business Concepts 3.00 0.00 0.00 3.00 MAJ Required Pick > Take 3 credits,ok,,Info Sys Business Concepts
A25590,Information Technology,TRD,2026,66.0,Major Requirements,major_choice,CIS110,3,A25590::MAJ Required Pick,3.0,2026_POS_Reduced.xlsx,34,From S21058 CIS-110,ok,,Introduction to Computers
A25590,Information Technology,TRD,2026,66.0,Major Requirements,major_choice,CIS115,3,A25590::MAJ Required Pick,3.0,2026_POS_Reduced.xlsx,35,S26390 CIS-115,ok,,Intro to Prog & Logic
A25590,Information Technology,TRD,2026,66.0,Major Requirements,major_choice,NOS110,3,A25590::MAJ Required Pick,3.0,2026_POS_Reduced.xlsx,36,S20980 NOS-110,ok,,Operating Systems Concepts
A25590,Information Technology,TRD,2026,66.0,Major Requirements,major_choice,WEB110,3,A25590::MAJ Required Pick,3.0,2026_POS_Reduced.xlsx,37,S25817 WEB-110,ok,,Web Development Fundamentals
A25590,Information Technology,TRD,2026,66.0,Concentration Requirements,unresolved,CSC151,3,,3.0,2026_POS_Reduced.xlsx,40,> Take 1 of 9 Subrequirements Computer Prog/Development > Take 2 Groups Group 1 > Take 3 credits From S21076 CSC-151 2006SP JAVA Programming 2.00 3.00 0.00 3.00 Group 2 > Take 3 credits From S21089 CSC-251 2006SP Advanced JAVA Programming 2.00 3.00 0.00 3.00 Data Support Services > Take 6 credits,manual_review,"Required vs. choice status could not be determined safely from the source structure (no recognized ""...Pick""/""...Courses"" label for this requirement)",JAVA Programming
A25590,Information Technology,TRD,2026,66.0,Concentration Requirements,unresolved,CSC251,3,,3.0,2026_POS_Reduced.xlsx,40,> Take 1 of 9 Subrequirements Computer Prog/Development > Take 2 Groups Group 1 > Take 3 credits From S21076 CSC-151 2006SP JAVA Programming 2.00 3.00 0.00 3.00 Group 2 > Take 3 credits From S21089 CSC-251 2006SP Advanced JAVA Programming 2.00 3.00 0.00 3.00 Data Support Services > Take 6 credits,manual_review,"Required vs. choice status could not be determined safely from the source structure (no recognized ""...Pick""/""...Courses"" label for this requirement)",Advanced JAVA Programming
A25590,Information Technology,TRD,2026,66.0,Concentration Requirements,unresolved,DBA110,3,,6.0,2026_POS_Reduced.xlsx,41,From S21017 DBA-110,manual_review,"Required vs. choice status could not be determined safely from the source structure (no recognized ""...Pick""/""...Courses"" label for this requirement)",Database
A25590,Information Technology,TRD,2026,66.0,Concentration Requirements,unresolved,DBA120,3,,6.0,2026_POS_Reduced.xlsx,42,S21020 DBA-120,manual_review,"Required vs. choice status could not be determined safely from the source structure (no recognized ""...Pick""/""...Courses"" label for this requirement)",Database
A25590,Information Technology,TRD,2026,66.0,Concentration Requirements,unresolved,DME110,3,,6.0,2026_POS_Reduced.xlsx,43,Digital Media Production > Take 6 credits From S20550 DME-110 2004FA Intro to Digital Media 2.00 2.00 0.00 3.00,manual_review,"Required vs. choice status could not be determined safely from the source structure (no recognized ""...Pick""/""...Courses"" label for this requirement)",Intro to Digital Media
A25590,Information Technology,TRD,2026,66.0,Concentration Requirements,unresolved,DME115,3,,6.0,2026_POS_Reduced.xlsx,44,S26514 DME-115,manual_review,"Required vs. choice status could not be determined safely from the source structure (no recognized ""...Pick""/""...Courses"" label for this requirement)",Digital Media Tools
A25590,Information Technology,TRD,2026,66.0,Concentration Requirements,unresolved,DME120,3,,6.0,2026_POS_Reduced.xlsx,45,S26515 DME-120,manual_review,"Required vs. choice status could not be determined safely from the source structure (no recognized ""...Pick""/""...Courses"" label for this requirement)",Intro to Multimedia
A25590,Information Technology,TRD,2026,66.0,Concentration Requirements,unresolved,DME130,3,,6.0,2026_POS_Reduced.xlsx,46,S26516 DME-130,manual_review,"Required vs. choice status could not be determined safely from the source structure (no recognized ""...Pick""/""...Courses"" label for this requirement)",Digital Animation I
A25590,Information Technology,TRD,2026,66.0,Concentration Requirements,unresolved,CSC134,3,,3.0,2026_POS_Reduced.xlsx,48,> Take From 3 credits S21066 CSC-134,manual_review,"Required vs. choice status could not be determined safely from the source structure (no recognized ""...Pick""/""...Courses"" label for this requirement)",C++ Programming
A25590,Information Technology,TRD,2026,66.0,Concentration Requirements,unresolved,CSC151,3,,3.0,2026_POS_Reduced.xlsx,49,S21076 CSC-151,manual_review,"Required vs. choice status could not be determined safely from the source structure (no recognized ""...Pick""/""...Courses"" label for this requirement)",JAVA Programming
A25590,Information Technology,TRD,2026,66.0,Concentration Requirements,unresolved,CSC153,3,,3.0,2026_POS_Reduced.xlsx,50,S21077 CSC-153,manual_review,"Required vs. choice status could not be determined safely from the source structure (no recognized ""...Pick""/""...Courses"" label for this requirement)",C# Programming
A25590,Information Technology,TRD,2026,66.0,Concentration Requirements,unresolved,SGD113,3,,3.0,2026_POS_Reduced.xlsx,51,S25762 SGD-113,manual_review,"Required vs. choice status could not be determined safely from the source structure (no recognized ""...Pick""/""...Courses"" label for this requirement)",SGD Programming I
A25590,Information Technology,TRD,2026,66.0,Concentration Requirements,unresolved,SGD111,3,,3.0,2026_POS_Reduced.xlsx,53,From S21240 SGD-111,manual_review,"Required vs. choice status could not be determined safely from the source structure (no recognized ""...Pick""/""...Courses"" label for this requirement)",Introduction to SGD
A25590,Information Technology,TRD,2026,66.0,Concentration Requirements,unresolved,SGD112,3,,3.0,2026_POS_Reduced.xlsx,54,S25761 SGD-112,manual_review,"Required vs. choice status could not be determined safely from the source structure (no recognized ""...Pick""/""...Courses"" label for this requirement)",SGD Design I
A25590,Information Technology,TRD,2026,66.0,Concentration Requirements,unresolved,CTI150,3,,6.0,2026_POS_Reduced.xlsx,57,From S23590 CTI-150,manual_review,"Required vs. choice status could not be determined safely from the source structure (no recognized ""...Pick""/""...Courses"" label for this requirement)",Mobile Computing Devices
A25590,Information Technology,TRD,2026,66.0,Concentration Requirements,unresolved,WEB125,3,,6.0,2026_POS_Reduced.xlsx,58,S26140 WEB-125,manual_review,"Required vs. choice status could not be determined safely from the source structure (no recognized ""...Pick""/""...Courses"" label for this requirement)",Responsive Web Frameworks
A25590,Information Technology,TRD,2026,66.0,Concentration Requirements,unresolved,WEB141,3,,6.0,2026_POS_Reduced.xlsx,59,S23075 WEB-141,manual_review,"Required vs. choice status could not be determined safely from the source structure (no recognized ""...Pick""/""...Courses"" label for this requirement)",Mobile Interface Design
A25590,Information Technology,TRD,2026,66.0,Concentration Requirements,unresolved,WEB151,3,,6.0,2026_POS_Reduced.xlsx,60,S25818 WEB-151,manual_review,"Required vs. choice status could not be determined safely from the source structure (no recognized ""...Pick""/""...Courses"" label for this requirement)",Mobile Application Dev I
A25590,Information Technology,TRD,2026,66.0,Concentration Requirements,unresolved,WEB251,3,,6.0,2026_POS_Reduced.xlsx,61,S25822 WEB-251,manual_review,"Required vs. choice status could not be determined safely from the source structure (no recognized ""...Pick""/""...Courses"" label for this requirement)",Mobile Application Dev II
A25590,Information Technology,TRD,2026,66.0,Concentration Requirements,unresolved,NET125,3,,3.0,2026_POS_Reduced.xlsx,63,Group 1 > Take 3 credits From S26517 NET-125 2025FA Introduction to Networks 2.00 3.00 0.00 3.00 Group 2 > Take 3 credits,manual_review,"Required vs. choice status could not be determined safely from the source structure (no recognized ""...Pick""/""...Courses"" label for this requirement)",Introduction to Networks
A25590,Information Technology,TRD,2026,66.0,Concentration Requirements,unresolved,NET126,3,,3.0,2026_POS_Reduced.xlsx,64,From S26518 NET-126,manual_review,"Required vs. choice status could not be determined safely from the source structure (no recognized ""...Pick""/""...Courses"" label for this requirement)",
A25590,Information Technology,TRD,2026,66.0,Concentration Requirements,unresolved,CTI141,3,,3.0,2026_POS_Reduced.xlsx,65,S23206 CTI-141,manual_review,"Required vs. choice status could not be determined safely from the source structure (no recognized ""...Pick""/""...Courses"" label for this requirement)",
A25590,Information Technology,TRD,2026,66.0,Concentration Requirements,unresolved,CTS155,3,,3.0,2026_POS_Reduced.xlsx,68,> Take 2 Groups Group 1 > Take 3 credits From S21002 CTS-155 2006SP Tech Support Functions 2.00 2.00 0.00 3.00 Group 2 > Take 3 credits From S24372 CTS-272 2016FA Desktop Support: Apps 2.00 2.00 0.00 3.00 Cyber Security > Take 2 Groups Group 1 > Take 3 credits From S26529 SEC-110 2025FA Security Concepts 2.00 3.00 0.00 3.00 Group 2 > Take 3 credits From S26517 NET-125 2025FA Introduction to Networks 2.00 3.00 0.00 3.00 Data Analytics > Take 6 credits,manual_review,"Required vs. choice status could not be determined safely from the source structure (no recognized ""...Pick""/""...Courses"" label for this requirement)",Tech Support Functions
A25590,Information Technology,TRD,2026,66.0,Concentration Requirements,unresolved,CTS272,3,,3.0,2026_POS_Reduced.xlsx,68,> Take 2 Groups Group 1 > Take 3 credits From S21002 CTS-155 2006SP Tech Support Functions 2.00 2.00 0.00 3.00 Group 2 > Take 3 credits From S24372 CTS-272 2016FA Desktop Support: Apps 2.00 2.00 0.00 3.00 Cyber Security > Take 2 Groups Group 1 > Take 3 credits From S26529 SEC-110 2025FA Security Concepts 2.00 3.00 0.00 3.00 Group 2 > Take 3 credits From S26517 NET-125 2025FA Introduction to Networks 2.00 3.00 0.00 3.00 Data Analytics > Take 6 credits,manual_review,"Required vs. choice status could not be determined safely from the source structure (no recognized ""...Pick""/""...Courses"" label for this requirement)",Desktop Support: Apps
A25590,Information Technology,TRD,2026,66.0,Concentration Requirements,unresolved,SEC110,3,,3.0,2026_POS_Reduced.xlsx,68,> Take 2 Groups Group 1 > Take 3 credits From S21002 CTS-155 2006SP Tech Support Functions 2.00 2.00 0.00 3.00 Group 2 > Take 3 credits From S24372 CTS-272 2016FA Desktop Support: Apps 2.00 2.00 0.00 3.00 Cyber Security > Take 2 Groups Group 1 > Take 3 credits From S26529 SEC-110 2025FA Security Concepts 2.00 3.00 0.00 3.00 Group 2 > Take 3 credits From S26517 NET-125 2025FA Introduction to Networks 2.00 3.00 0.00 3.00 Data Analytics > Take 6 credits,manual_review,"Required vs. choice status could not be determined safely from the source structure (no recognized ""...Pick""/""...Courses"" label for this requirement)",Security Concepts
A25590,Information Technology,TRD,2026,66.0,Concentration Requirements,unresolved,NET125,3,,3.0,2026_POS_Reduced.xlsx,68,> Take 2 Groups Group 1 > Take 3 credits From S21002 CTS-155 2006SP Tech Support Functions 2.00 2.00 0.00 3.00 Group 2 > Take 3 credits From S24372 CTS-272 2016FA Desktop Support: Apps 2.00 2.00 0.00 3.00 Cyber Security > Take 2 Groups Group 1 > Take 3 credits From S26529 SEC-110 2025FA Security Concepts 2.00 3.00 0.00 3.00 Group 2 > Take 3 credits From S26517 NET-125 2025FA Introduction to Networks 2.00 3.00 0.00 3.00 Data Analytics > Take 6 credits,manual_review,"Required vs. choice status could not be determined safely from the source structure (no recognized ""...Pick""/""...Courses"" label for this requirement)",Introduction to Networks
A25590,Information Technology,TRD,2026,66.0,Concentration Requirements,unresolved,BAS120,3,,6.0,2026_POS_Reduced.xlsx,69,From S24318 BAS-120,manual_review,"Required vs. choice status could not be determined safely from the source structure (no recognized ""...Pick""/""...Courses"" label for this requirement)",Intro to Analytics
A25590,Information Technology,TRD,2026,66.0,Concentration Requirements,unresolved,CSC121,3,,6.0,2026_POS_Reduced.xlsx,70,S24483 CSC-121,manual_review,"Required vs. choice status could not be determined safely from the source structure (no recognized ""...Pick""/""...Courses"" label for this requirement)",Python Programming
A25590,Information Technology,TRD,2026,66.0,Other Major Requirements Maj Other Required Pick,major_choice,CCT112,3,A25590::Other Major Requirements Maj Other Required Pick,24.0,2026_POS_Reduced.xlsx,71,4) Other Major Requirements Maj Other Required Pick > Take 24 credits From S26506 CCT-112,ok,,Ethics & High Technology
A25590,Information Technology,TRD,2026,66.0,Other Major Requirements Maj Other Required Pick,major_choice,CCT121,4,A25590::Other Major Requirements Maj Other Required Pick,24.0,2026_POS_Reduced.xlsx,72,S10005 CCT-121,ok,,Computer Crime Invest.
A25590,Information Technology,TRD,2026,66.0,Other Major Requirements Maj Other Required Pick,major_choice,CCT231,3,A25590::Other Major Requirements Maj Other Required Pick,24.0,2026_POS_Reduced.xlsx,73,S26507 CCT-231,ok,,Technology Crimes & Law
A25590,Information Technology,TRD,2026,66.0,Other Major Requirements Maj Other Required Pick,major_choice,CCT240,3,A25590::Other Major Requirements Maj Other Required Pick,24.0,2026_POS_Reduced.xlsx,74,S10346 CCT-240,ok,,Data Recovery Techniques
A25590,Information Technology,TRD,2026,66.0,Other Major Requirements Maj Other Required Pick,major_choice,CCT241,3,A25590::Other Major Requirements Maj Other Required Pick,24.0,2026_POS_Reduced.xlsx,75,S21748 CCT-241,ok,,Advanced Data Recovery
A25590,Information Technology,TRD,2026,66.0,Other Major Requirements Maj Other Required Pick,major_choice,CCT250,3,A25590::Other Major Requirements Maj Other Required Pick,24.0,2026_POS_Reduced.xlsx,76,S25622 CCT-250,ok,,Network Vulnerabilities I
A25590,Information Technology,TRD,2026,66.0,Other Major Requirements Maj Other Required Pick,major_choice,CCT251,3,A25590::Other Major Requirements Maj Other Required Pick,24.0,2026_POS_Reduced.xlsx,77,S21750 CCT-251,ok,,Network Vulnerabilities II
A25590,Information Technology,TRD,2026,66.0,Other Major Requirements Maj Other Required Pick,major_choice,CCT260,3,A25590::Other Major Requirements Maj Other Required Pick,24.0,2026_POS_Reduced.xlsx,78,S22653 CCT-260,ok,,Mobile Phone Examination
A25590,Information Technology,TRD,2026,66.0,Other Major Requirements Maj Other Required Pick,major_choice,CCT272,3,A25590::Other Major Requirements Maj Other Required Pick,24.0,2026_POS_Reduced.xlsx,79,S22655 CCT-272,ok,,Forensic Password Recov
A25590,Information Technology,TRD,2026,66.0,Other Major Requirements Maj Other Required Pick,major_choice,CCT273,3,A25590::Other Major Requirements Maj Other Required Pick,24.0,2026_POS_Reduced.xlsx,80,S22656 CCT-273,ok,,Registry Forensics
A25590,Information Technology,TRD,2026,66.0,Other Major Requirements Maj Other Required Pick,major_choice,CET111,3,A25590::Other Major Requirements Maj Other Required Pick,24.0,2026_POS_Reduced.xlsx,81,S21574 CET-111,ok,,Computer Upgrade/Repair I
A25590,Information Technology,TRD,2026,66.0,Other Major Requirements Maj Other Required Pick,major_choice,CIS110,3,A25590::Other Major Requirements Maj Other Required Pick,24.0,2026_POS_Reduced.xlsx,82,S21058 CIS-110,ok,,Introduction to Computers
A25590,Information Technology,TRD,2026,66.0,Other Major Requirements Maj Other Required Pick,major_choice,CIS111,2,A25590::Other Major Requirements Maj Other Required Pick,24.0,2026_POS_Reduced.xlsx,83,S21059 CIS-111,ok,,Basic PC Literacy
A25590,Information Technology,TRD,2026,66.0,Other Major Requirements Maj Other Required Pick,major_choice,CIS115,3,A25590::Other Major Requirements Maj Other Required Pick,24.0,2026_POS_Reduced.xlsx,84,S26390 CIS-115,ok,,Intro to Prog & Logic
A25590,Information Technology,TRD,2026,66.0,Other Major Requirements Maj Other Required Pick,major_choice,CSC118,3,A25590::Other Major Requirements Maj Other Required Pick,24.0,2026_POS_Reduced.xlsx,85,S25077 CSC-118,ok,,Swift Programming I
A25590,Information Technology,TRD,2026,66.0,Other Major Requirements Maj Other Required Pick,major_choice,CSC121,3,A25590::Other Major Requirements Maj Other Required Pick,24.0,2026_POS_Reduced.xlsx,86,S24483 CSC-121,ok,,Python Programming
A25590,Information Technology,TRD,2026,66.0,Other Major Requirements Maj Other Required Pick,major_choice,CSC124,3,A25590::Other Major Requirements Maj Other Required Pick,24.0,2026_POS_Reduced.xlsx,87,S25815 CSC-124,ok,,Intro to Data Science Prog.
A25590,Information Technology,TRD,2026,66.0,Other Major Requirements Maj Other Required Pick,major_choice,CSC134,3,A25590::Other Major Requirements Maj Other Required Pick,24.0,2026_POS_Reduced.xlsx,88,S21066 CSC-134,ok,,C++ Programming
A25590,Information Technology,TRD,2026,66.0,Other Major Requirements Maj Other Required Pick,major_choice,CSC151,3,A25590::Other Major Requirements Maj Other Required Pick,24.0,2026_POS_Reduced.xlsx,89,S21076 CSC-151,ok,,JAVA Programming
A25590,Information Technology,TRD,2026,66.0,Other Major Requirements Maj Other Required Pick,major_choice,CSC153,3,A25590::Other Major Requirements Maj Other Required Pick,24.0,2026_POS_Reduced.xlsx,90,S21077 CSC-153,ok,,C# Programming
A25590,Information Technology,TRD,2026,66.0,Other Major Requirements Maj Other Required Pick,major_choice,CSC218,3,A25590::Other Major Requirements Maj Other Required Pick,24.0,2026_POS_Reduced.xlsx,91,S25080 CSC-218,ok,,Swift Programming II
A25590,Information Technology,TRD,2026,66.0,Other Major Requirements Maj Other Required Pick,major_choice,CSC221,3,A25590::Other Major Requirements Maj Other Required Pick,24.0,2026_POS_Reduced.xlsx,92,S25816 CSC-221,ok,,Advanced Python Programming
A25590,Information Technology,TRD,2026,66.0,Other Major Requirements Maj Other Required Pick,major_choice,CSC234,3,A25590::Other Major Requirements Maj Other Required Pick,24.0,2026_POS_Reduced.xlsx,93,S21079 CSC-234,ok,,Advanced C++ Programming
A25590,Information Technology,TRD,2026,66.0,Other Major Requirements Maj Other Required Pick,major_choice,CSC251,3,A25590::Other Major Requirements Maj Other Required Pick,24.0,2026_POS_Reduced.xlsx,94,S21089 CSC-251,ok,,Advanced JAVA Programming
A25590,Information Technology,TRD,2026,66.0,Other Major Requirements Maj Other Required Pick,major_choice,CSC253,3,A25590::Other Major Requirements Maj Other Required Pick,24.0,2026_POS_Reduced.xlsx,95,S21090 CSC-253,ok,,Advanced C# Programming
A25590,Information Technology,TRD,2026,66.0,Other Major Requirements Maj Other Required Pick,major_choice,CSC289,3,A25590::Other Major Requirements Maj Other Required Pick,24.0,2026_POS_Reduced.xlsx,96,S24358 CSC-289,ok,,Programming Capstone Project
A25590,Information Technology,TRD,2026,66.0,Other Major Requirements Maj Other Required Pick,major_choice,CTI115,3,A25590::Other Major Requirements Maj Other Required Pick,24.0,2026_POS_Reduced.xlsx,97,S24347 CTI-115,ok,,Computer Systems Foundation
A25590,Information Technology,TRD,2026,66.0,Other Major Requirements Maj Other Required Pick,major_choice,CTI130,6,A25590::Other Major Requirements Maj Other Required Pick,24.0,2026_POS_Reduced.xlsx,98,S22512 CTI-130,ok,,Os and Device Foundation
A25590,Information Technology,TRD,2026,66.0,Other Major Requirements Maj Other Required Pick,major_choice,CTI135,3,A25590::Other Major Requirements Maj Other Required Pick,24.0,2026_POS_Reduced.xlsx,99,S23156 CTI-135,ok,,Introduction to Green IT
A25590,Information Technology,TRD,2026,66.0,Other Major Requirements Maj Other Required Pick,major_choice,CTI140,3,A25590::Other Major Requirements Maj Other Required Pick,24.0,2026_POS_Reduced.xlsx,100,S23205 CTI-140,ok,,Virtualization Concepts
A25590,Information Technology,TRD,2026,66.0,Other Major Requirements Maj Other Required Pick,major_choice,CTI141,3,A25590::Other Major Requirements Maj Other Required Pick,24.0,2026_POS_Reduced.xlsx,102,S23206 CTI-141,ok,,Cloud & Storage Concepts
A25590,Information Technology,TRD,2026,66.0,Other Major Requirements Maj Other Required Pick,major_choice,CTI175,3,A25590::Other Major Requirements Maj Other Required Pick,24.0,2026_POS_Reduced.xlsx,103,S24495 CTI-175,ok,,Intro to Wireless Technology
A25590,Information Technology,TRD,2026,66.0,Other Major Requirements Maj Other Required Pick,major_choice,CTI240,3,A25590::Other Major Requirements Maj Other Required Pick,24.0,2026_POS_Reduced.xlsx,104,S23207 CTI-240,ok,,Virtualization Admin I
A25590,Information Technology,TRD,2026,66.0,Other Major Requirements Maj Other Required Pick,major_choice,CTI241,3,A25590::Other Major Requirements Maj Other Required Pick,24.0,2026_POS_Reduced.xlsx,105,S23208 CTI-241,ok,,Virtualization Admin II
A25590,Information Technology,TRD,2026,66.0,Other Major Requirements Maj Other Required Pick,major_choice,CTI260,3,A25590::Other Major Requirements Maj Other Required Pick,24.0,2026_POS_Reduced.xlsx,106,S24104 CTI-260,ok,,Data Center Troubleshooting
A25590,Information Technology,TRD,2026,66.0,Other Major Requirements Maj Other Required Pick,major_choice,CTI270,3,A25590::Other Major Requirements Maj Other Required Pick,24.0,2026_POS_Reduced.xlsx,107,S24105 CTI-270,ok,,Data Center Design & Prob Res
A25590,Information Technology,TRD,2026,66.0,Other Major Requirements Maj Other Required Pick,major_choice,CTI289,3,A25590::Other Major Requirements Maj Other Required Pick,24.0,2026_POS_Reduced.xlsx,108,S24362 CTI-289,ok,,CTI Capstone Project
A25590,Information Technology,TRD,2026,66.0,Other Major Requirements Maj Other Required Pick,major_choice,CTS120,3,A25590::Other Major Requirements Maj Other Required Pick,24.0,2026_POS_Reduced.xlsx,109,S23679 CTS-120,ok,,Hardware/Software Support
A25590,Information Technology,TRD,2026,66.0,Other Major Requirements Maj Other Required Pick,major_choice,CTS130,3,A25590::Other Major Requirements Maj Other Required Pick,24.0,2026_POS_Reduced.xlsx,110,S24366 CTS-130,ok,,Spreadsheet
A25590,Information Technology,TRD,2026,66.0,Other Major Requirements Maj Other Required Pick,major_choice,CTS135,4,A25590::Other Major Requirements Maj Other Required Pick,24.0,2026_POS_Reduced.xlsx,111,S24367 CTS-135,ok,,Integrated Software Intro
A25590,Information Technology,TRD,2026,66.0,Other Major Requirements Maj Other Required Pick,major_choice,CTS137,3,A25590::Other Major Requirements Maj Other Required Pick,24.0,2026_POS_Reduced.xlsx,112,S25881 CTS-137,ok,,Google Project Management I
A25590,Information Technology,TRD,2026,66.0,Other Major Requirements Maj Other Required Pick,major_choice,CTS220,3,A25590::Other Major Requirements Maj Other Required Pick,24.0,2026_POS_Reduced.xlsx,113,S21005 CTS-220,ok,,Adv Hard/Software Support
A25590,Information Technology,TRD,2026,66.0,Other Major Requirements Maj Other Required Pick,major_choice,CTS225,3,A25590::Other Major Requirements Maj Other Required Pick,24.0,2026_POS_Reduced.xlsx,114,S24496 CTS-225,ok,,Spreadsheet Data Analysis
A25590,Information Technology,TRD,2026,66.0,Other Major Requirements Maj Other Required Pick,major_choice,CTS230,3,A25590::Other Major Requirements Maj Other Required Pick,24.0,2026_POS_Reduced.xlsx,115,S21006 CTS-230,ok,,Advanced Spreadsheet
A25590,Information Technology,TRD,2026,66.0,Other Major Requirements Maj Other Required Pick,major_choice,CTS237,3,A25590::Other Major Requirements Maj Other Required Pick,24.0,2026_POS_Reduced.xlsx,116,S25884 CTS-237,ok,,Google Project Management II
A25590,Information Technology,TRD,2026,66.0,Other Major Requirements Maj Other Required Pick,major_choice,CTS240,3,A25590::Other Major Requirements Maj Other Required Pick,24.0,2026_POS_Reduced.xlsx,117,S24369 CTS-240,ok,,Project Management
A25590,Information Technology,TRD,2026,66.0,Other Major Requirements Maj Other Required Pick,major_choice,CTS250,3,A25590::Other Major Requirements Maj Other Required Pick,24.0,2026_POS_Reduced.xlsx,118,S24371 CTS-250,ok,,User Support & Software Eval
A25590,Information Technology,TRD,2026,66.0,Other Major Requirements Maj Other Required Pick,major_choice,CTS255,3,A25590::Other Major Requirements Maj Other Required Pick,24.0,2026_POS_Reduced.xlsx,119,S21010 CTS-255,ok,,Adv Tech Support Functions
A25590,Information Technology,TRD,2026,66.0,Other Major Requirements Maj Other Required Pick,major_choice,CTS272,3,A25590::Other Major Requirements Maj Other Required Pick,24.0,2026_POS_Reduced.xlsx,120,S24372 CTS-272,ok,,Desktop Support: Apps
A25590,Information Technology,TRD,2026,66.0,Other Major Requirements Maj Other Required Pick,major_choice,CTS285,3,A25590::Other Major Requirements Maj Other Required Pick,24.0,2026_POS_Reduced.xlsx,121,S26511 CTS-285,ok,,Systems Analysis & Design
A25590,Information Technology,TRD,2026,66.0,Other Major Requirements Maj Other Required Pick,major_choice,CTS289,3,A25590::Other Major Requirements Maj Other Required Pick,24.0,2026_POS_Reduced.xlsx,122,S24375 CTS-289,ok,,System Support Project
A25590,Information Technology,TRD,2026,66.0,Other Major Requirements Maj Other Required Pick,major_choice,DBA110,3,A25590::Other Major Requirements Maj Other Required Pick,24.0,2026_POS_Reduced.xlsx,123,S21017 DBA-110,ok,,Database Concepts
A25590,Information Technology,TRD,2026,66.0,Other Major Requirements Maj Other Required Pick,major_choice,DBA112,3,A25590::Other Major Requirements Maj Other Required Pick,24.0,2026_POS_Reduced.xlsx,124,S24376 DBA-112,ok,,Database Utilization
A25590,Information Technology,TRD,2026,66.0,Other Major Requirements Maj Other Required Pick,major_choice,DBA115,3,A25590::Other Major Requirements Maj Other Required Pick,24.0,2026_POS_Reduced.xlsx,125,S21019 DBA-115,ok,,Database Applications
A25590,Information Technology,TRD,2026,66.0,Other Major Requirements Maj Other Required Pick,major_choice,DBA120,3,A25590::Other Major Requirements Maj Other Required Pick,24.0,2026_POS_Reduced.xlsx,126,S21020 DBA-120,ok,,Database Programming I
A25590,Information Technology,TRD,2026,66.0,Other Major Requirements Maj Other Required Pick,major_choice,DBA125,3,A25590::Other Major Requirements Maj Other Required Pick,24.0,2026_POS_Reduced.xlsx,127,S24497 DBA-125,ok,,Database Reporting
A25590,Information Technology,TRD,2026,66.0,Other Major Requirements Maj Other Required Pick,major_choice,DBA130,3,A25590::Other Major Requirements Maj Other Required Pick,24.0,2026_POS_Reduced.xlsx,128,S24498 DBA-130,ok,,Intro to noSQL Databases
A25590,Information Technology,TRD,2026,66.0,Other Major Requirements Maj Other Required Pick,major_choice,DBA210,3,A25590::Other Major Requirements Maj Other Required Pick,24.0,2026_POS_Reduced.xlsx,129,S21021 DBA-210,ok,,Database Administration
A25590,Information Technology,TRD,2026,66.0,Other Major Requirements Maj Other Required Pick,major_choice,DBA220,3,A25590::Other Major Requirements Maj Other Required Pick,24.0,2026_POS_Reduced.xlsx,130,S21022 DBA-220,ok,,Oracle DB Programming II
A25590,Information Technology,TRD,2026,66.0,Other Major Requirements Maj Other Required Pick,major_choice,DBA221,3,A25590::Other Major Requirements Maj Other Required Pick,24.0,2026_POS_Reduced.xlsx,131,S21023 DBA-221,ok,,SQL Server DB Prog II
A25590,Information Technology,TRD,2026,66.0,Other Major Requirements Maj Other Required Pick,major_choice,DBA223,3,A25590::Other Major Requirements Maj Other Required Pick,24.0,2026_POS_Reduced.xlsx,132,S21025 DBA-223,ok,,MySQL DB Programming II
A25590,Information Technology,TRD,2026,66.0,Other Major Requirements Maj Other Required Pick,major_choice,DBA230,3,A25590::Other Major Requirements Maj Other Required Pick,24.0,2026_POS_Reduced.xlsx,133,S21028 DBA-230,ok,,Databases in Corp Environs
A25590,Information Technology,TRD,2026,66.0,Other Major Requirements Maj Other Required Pick,major_choice,DBA240,3,A25590::Other Major Requirements Maj Other Required Pick,24.0,2026_POS_Reduced.xlsx,134,S21029 DBA-240,ok,,Database Analysis/Design
A25590,Information Technology,TRD,2026,66.0,Other Major Requirements Maj Other Required Pick,major_choice,DBA260,3,A25590::Other Major Requirements Maj Other Required Pick,24.0,2026_POS_Reduced.xlsx,135,S21030 DBA-260,ok,,Oracle DBMS Admin
A25590,Information Technology,TRD,2026,66.0,Other Major Requirements Maj Other Required Pick,major_choice,DBA261,3,A25590::Other Major Requirements Maj Other Required Pick,24.0,2026_POS_Reduced.xlsx,136,S21031 DBA-261,ok,,SQL Server DBMS Admin
A25590,Information Technology,TRD,2026,66.0,Other Major Requirements Maj Other Required Pick,major_choice,DBA270,3,A25590::Other Major Requirements Maj Other Required Pick,24.0,2026_POS_Reduced.xlsx,137,S24377 DBA-270,ok,,Oracle Performance Tuning
A25590,Information Technology,TRD,2026,66.0,Other Major Requirements Maj Other Required Pick,major_choice,DBA271,3,A25590::Other Major Requirements Maj Other Required Pick,24.0,2026_POS_Reduced.xlsx,138,S24378 DBA-271,ok,,SQL Server Perf Tuning
A25590,Information Technology,TRD,2026,66.0,Other Major Requirements Maj Other Required Pick,major_choice,DBA273,3,A25590::Other Major Requirements Maj Other Required Pick,24.0,2026_POS_Reduced.xlsx,139,S24379 DBA-273,ok,,MySQL Performance Tuning
A25590,Information Technology,TRD,2026,66.0,Other Major Requirements Maj Other Required Pick,major_choice,DBA285,3,A25590::Other Major Requirements Maj Other Required Pick,24.0,2026_POS_Reduced.xlsx,140,S24380 DBA-285,ok,,Data Warehousing and Mining
A25590,Information Technology,TRD,2026,66.0,Other Major Requirements Maj Other Required Pick,major_choice,DBA289,3,A25590::Other Major Requirements Maj Other Required Pick,24.0,2026_POS_Reduced.xlsx,141,S26513 DBA-289,ok,,Database Capstone Project
A25590,Information Technology,TRD,2026,66.0,Other Major Requirements Maj Other Required Pick,major_choice,DEA111,3,A25590::Other Major Requirements Maj Other Required Pick,24.0,2026_POS_Reduced.xlsx,142,S26899 DEA-111,ok,,Introduction to AMA
A25590,Information Technology,TRD,2026,66.0,Other Major Requirements Maj Other Required Pick,major_choice,DEA112,3,A25590::Other Major Requirements Maj Other Required Pick,24.0,2026_POS_Reduced.xlsx,143,S26900 DEA-112,ok,,2D Design and Animation I
A25590,Information Technology,TRD,2026,66.0,Other Major Requirements Maj Other Required Pick,major_choice,DME110,3,A25590::Other Major Requirements Maj Other Required Pick,24.0,2026_POS_Reduced.xlsx,144,S20550 DME-110,ok,,Intro to Digital Media
A25590,Information Technology,TRD,2026,66.0,Other Major Requirements Maj Other Required Pick,major_choice,DME111,3,A25590::Other Major Requirements Maj Other Required Pick,24.0,2026_POS_Reduced.xlsx,145,S25623 DME-111,ok,,Content Strategy
A25590,Information Technology,TRD,2026,66.0,Other Major Requirements Maj Other Required Pick,major_choice,DME115,3,A25590::Other Major Requirements Maj Other Required Pick,24.0,2026_POS_Reduced.xlsx,146,S26514 DME-115,ok,,Digital Media Tools
A25590,Information Technology,TRD,2026,66.0,Other Major Requirements Maj Other Required Pick,major_choice,DME120,3,A25590::Other Major Requirements Maj Other Required Pick,24.0,2026_POS_Reduced.xlsx,147,S26515 DME-120,ok,,Intro to Multimedia
A25590,Information Technology,TRD,2026,66.0,Other Major Requirements Maj Other Required Pick,major_choice,DME125,3,A25590::Other Major Requirements Maj Other Required Pick,24.0,2026_POS_Reduced.xlsx,148,S25624 DME-125,ok,,User Experience Fundamentals
A25590,Information Technology,TRD,2026,66.0,Other Major Requirements Maj Other Required Pick,major_choice,DME130,3,A25590::Other Major Requirements Maj Other Required Pick,24.0,2026_POS_Reduced.xlsx,149,S26516 DME-130,ok,,Digital Animation I
A25590,Information Technology,TRD,2026,66.0,Other Major Requirements Maj Other Required Pick,major_choice,DME140,3,A25590::Other Major Requirements Maj Other Required Pick,24.0,2026_POS_Reduced.xlsx,150,S25872 DME-140,ok,,Intro to Audio/Video Media
A25590,Information Technology,TRD,2026,66.0,Other Major Requirements Maj Other Required Pick,major_choice,DME210,3,A25590::Other Major Requirements Maj Other Required Pick,24.0,2026_POS_Reduced.xlsx,151,S25332 DME-210,ok,,User Interface Design
A25590,Information Technology,TRD,2026,66.0,Other Major Requirements Maj Other Required Pick,major_choice,DME211,3,A25590::Other Major Requirements Maj Other Required Pick,24.0,2026_POS_Reduced.xlsx,152,S25625 DME-211,ok,,User Experience Res. & Test
A25590,Information Technology,TRD,2026,66.0,Other Major Requirements Maj Other Required Pick,major_choice,DME215,3,A25590::Other Major Requirements Maj Other Required Pick,24.0,2026_POS_Reduced.xlsx,153,S25873 DME-215,ok,,Adv Graphic Design Tools
A25590,Information Technology,TRD,2026,66.0,Other Major Requirements Maj Other Required Pick,major_choice,DME216,3,A25590::Other Major Requirements Maj Other Required Pick,24.0,2026_POS_Reduced.xlsx,154,S25627 DME-216,ok,,Visual Artifacts in User Exp.
A25590,Information Technology,TRD,2026,66.0,Other Major Requirements Maj Other Required Pick,major_choice,DME220,3,A25590::Other Major Requirements Maj Other Required Pick,24.0,2026_POS_Reduced.xlsx,155,S20556 DME-220,ok,,Interactive Multimedia Prog
A25590,Information Technology,TRD,2026,66.0,Other Major Requirements Maj Other Required Pick,major_choice,DME230,3,A25590::Other Major Requirements Maj Other Required Pick,24.0,2026_POS_Reduced.xlsx,156,S20557 DME-230,ok,,Digital Animation II
A25590,Information Technology,TRD,2026,66.0,Other Major Requirements Maj Other Required Pick,major_choice,DME240,3,A25590::Other Major Requirements Maj Other Required Pick,24.0,2026_POS_Reduced.xlsx,157,S21735 DME-240,ok,,Media Compression
A25590,Information Technology,TRD,2026,66.0,Other Major Requirements Maj Other Required Pick,major_choice,DME260,3,A25590::Other Major Requirements Maj Other Required Pick,24.0,2026_POS_Reduced.xlsx,158,S20558 DME-260,ok,,Emerging Tech Digital Media
A25590,Information Technology,TRD,2026,66.0,Other Major Requirements Maj Other Required Pick,major_choice,DME270,3,A25590::Other Major Requirements Maj Other Required Pick,24.0,2026_POS_Reduced.xlsx,160,S20559 DME-270,ok,,Prof Pract Digital Media
A25590,Information Technology,TRD,2026,66.0,Other Major Requirements Maj Other Required Pick,major_choice,DME285,3,A25590::Other Major Requirements Maj Other Required Pick,24.0,2026_POS_Reduced.xlsx,161,S20560 DME-285,ok,,Systems Project
A25590,Information Technology,TRD,2026,66.0,Other Major Requirements Maj Other Required Pick,major_choice,GIS111,3,A25590::Other Major Requirements Maj Other Required Pick,24.0,2026_POS_Reduced.xlsx,162,S12471 GIS-111,ok,,Introduction to GIS
A25590,Information Technology,TRD,2026,66.0,Other Major Requirements Maj Other Required Pick,major_choice,GRD110,3,A25590::Other Major Requirements Maj Other Required Pick,24.0,2026_POS_Reduced.xlsx,163,S25910 GRD-110,ok,,Typography I
A25590,Information Technology,TRD,2026,66.0,Other Major Requirements Maj Other Required Pick,major_choice,GRD121,2,A25590::Other Major Requirements Maj Other Required Pick,24.0,2026_POS_Reduced.xlsx,164,S26197 GRD-121,ok,,Drawing Fundamentals I
A25590,Information Technology,TRD,2026,66.0,Other Major Requirements Maj Other Required Pick,major_choice,GRD131,3,A25590::Other Major Requirements Maj Other Required Pick,24.0,2026_POS_Reduced.xlsx,165,S26198 GRD-131,ok,,Illustration I
A25590,Information Technology,TRD,2026,66.0,Other Major Requirements Maj Other Required Pick,major_choice,GRD132,3,A25590::Other Major Requirements Maj Other Required Pick,24.0,2026_POS_Reduced.xlsx,166,S26199 GRD-132,ok,,Illustration II
A25590,Information Technology,TRD,2026,66.0,Other Major Requirements Maj Other Required Pick,major_choice,GRD141,4,A25590::Other Major Requirements Maj Other Required Pick,24.0,2026_POS_Reduced.xlsx,167,S26201 GRD-141,ok,,Graphic Design I
A25590,Information Technology,TRD,2026,66.0,Other Major Requirements Maj Other Required Pick,major_choice,GRD142,4,A25590::Other Major Requirements Maj Other Required Pick,24.0,2026_POS_Reduced.xlsx,168,S26202 GRD-142,ok,,Graphic Design II
A25590,Information Technology,TRD,2026,66.0,Other Major Requirements Maj Other Required Pick,major_choice,GRD151,3,A25590::Other Major Requirements Maj Other Required Pick,24.0,2026_POS_Reduced.xlsx,169,S26203 GRD-151,ok,,Computer Design Basics
A25590,Information Technology,TRD,2026,66.0,Other Major Requirements Maj Other Required Pick,major_choice,GRD152,3,A25590::Other Major Requirements Maj Other Required Pick,24.0,2026_POS_Reduced.xlsx,170,S26204 GRD-152,ok,,Computer Design Technology
A25590,Information Technology,TRD,2026,66.0,Other Major Requirements Maj Other Required Pick,major_choice,GRD153,3,A25590::Other Major Requirements Maj Other Required Pick,24.0,2026_POS_Reduced.xlsx,171,S26205 GRD-153,ok,,Computer Design Solutions
A25590,Information Technology,TRD,2026,66.0,Other Major Requirements Maj Other Required Pick,major_choice,GRD154,3,A25590::Other Major Requirements Maj Other Required Pick,24.0,2026_POS_Reduced.xlsx,172,S26230 GRD-154,ok,,Vector Imaging Software
A25590,Information Technology,TRD,2026,66.0,Other Major Requirements Maj Other Required Pick,major_choice,GRD159,3,A25590::Other Major Requirements Maj Other Required Pick,24.0,2026_POS_Reduced.xlsx,173,S26232 GRD-159,ok,,Raster Imaging Applications
A25590,Information Technology,TRD,2026,66.0,Other Major Requirements Maj Other Required Pick,major_choice,GRD167,3,A25590::Other Major Requirements Maj Other Required Pick,24.0,2026_POS_Reduced.xlsx,174,S26208 GRD-167,ok,,Digital Photography I
A25590,Information Technology,TRD,2026,66.0,Other Major Requirements Maj Other Required Pick,major_choice,GRD168,3,A25590::Other Major Requirements Maj Other Required Pick,24.0,2026_POS_Reduced.xlsx,175,S26209 GRD-168,ok,,Digital Photography II
A25590,Information Technology,TRD,2026,66.0,Other Major Requirements Maj Other Required Pick,major_choice,MIT115,3,A25590::Other Major Requirements Maj Other Required Pick,24.0,2026_POS_Reduced.xlsx,176,S12218 MIT-115,ok,,Intro to Video Concepts
A25590,Information Technology,TRD,2026,66.0,Other Major Requirements Maj Other Required Pick,major_choice,MIT120,3,A25590::Other Major Requirements Maj Other Required Pick,24.0,2026_POS_Reduced.xlsx,177,S10814 MIT-120,ok,,Intro to Audio Concepts
A25590,Information Technology,TRD,2026,66.0,Other Major Requirements Maj Other Required Pick,major_choice,NET110,3,A25590::Other Major Requirements Maj Other Required Pick,24.0,2026_POS_Reduced.xlsx,178,S21056 NET-110,ok,,Networking Concepts
A25590,Information Technology,TRD,2026,66.0,Other Major Requirements Maj Other Required Pick,major_choice,NET125,3,A25590::Other Major Requirements Maj Other Required Pick,24.0,2026_POS_Reduced.xlsx,179,S26517 NET-125,ok,,Introduction to Networks
A25590,Information Technology,TRD,2026,66.0,Other Major Requirements Maj Other Required Pick,major_choice,NET126,3,A25590::Other Major Requirements Maj Other Required Pick,24.0,2026_POS_Reduced.xlsx,180,S26518 NET-126,ok,,Switching and Routing
A25590,Information Technology,TRD,2026,66.0,Other Major Requirements Maj Other Required Pick,major_choice,NET135,3,A25590::Other Major Requirements Maj Other Required Pick,24.0,2026_POS_Reduced.xlsx,181,S24499 NET-135,ok,,Data Center Networking
A25590,Information Technology,TRD,2026,66.0,Other Major Requirements Maj Other Required Pick,major_choice,NET225,3,A25590::Other Major Requirements Maj Other Required Pick,24.0,2026_POS_Reduced.xlsx,182,S26519 NET-225,ok,,Enterprise Networking
A25590,Information Technology,TRD,2026,66.0,Other Major Requirements Maj Other Required Pick,major_choice,NET226,3,A25590::Other Major Requirements Maj Other Required Pick,24.0,2026_POS_Reduced.xlsx,183,S26520 NET-226,ok,,Network Programmability
A25590,Information Technology,TRD,2026,66.0,Other Major Requirements Maj Other Required Pick,major_choice,NET270,4,A25590::Other Major Requirements Maj Other Required Pick,24.0,2026_POS_Reduced.xlsx,184,S26522 NET-270,ok,,Building Scalable Networks
A25590,Information Technology,TRD,2026,66.0,Other Major Requirements Maj Other Required Pick,major_choice,NET272,3,A25590::Other Major Requirements Maj Other Required Pick,24.0,2026_POS_Reduced.xlsx,185,S24392 NET-272,ok,,Multi-Layer Networks
A25590,Information Technology,TRD,2026,66.0,Other Major Requirements Maj Other Required Pick,major_choice,NET289,3,A25590::Other Major Requirements Maj Other Required Pick,24.0,2026_POS_Reduced.xlsx,186,S26524 NET-289,ok,,Networking Capstone Project
A25590,Information Technology,TRD,2026,66.0,Other Major Requirements Maj Other Required Pick,major_choice,NOS110,3,A25590::Other Major Requirements Maj Other Required Pick,24.0,2026_POS_Reduced.xlsx,187,S20980 NOS-110,ok,,Operating Systems Concepts
A25590,Information Technology,TRD,2026,66.0,Other Major Requirements Maj Other Required Pick,major_choice,NOS120,3,A25590::Other Major Requirements Maj Other Required Pick,24.0,2026_POS_Reduced.xlsx,188,S26525 NOS-120,ok,,Linux Single User
A25590,Information Technology,TRD,2026,66.0,Other Major Requirements Maj Other Required Pick,major_choice,NOS125,3,A25590::Other Major Requirements Maj Other Required Pick,24.0,2026_POS_Reduced.xlsx,189,S24502 NOS-125,ok,,Linux/Unix Scripting
A25590,Information Technology,TRD,2026,66.0,Other Major Requirements Maj Other Required Pick,major_choice,NOS130,3,A25590::Other Major Requirements Maj Other Required Pick,24.0,2026_POS_Reduced.xlsx,190,S24397 NOS-130,ok,,Windows Single User
A25590,Information Technology,TRD,2026,66.0,Other Major Requirements Maj Other Required Pick,major_choice,NOS160,3,A25590::Other Major Requirements Maj Other Required Pick,24.0,2026_POS_Reduced.xlsx,191,S24504 NOS-160,ok,,Mobile Operating Systems
A25590,Information Technology,TRD,2026,66.0,Other Major Requirements Maj Other Required Pick,major_choice,NOS220,3,A25590::Other Major Requirements Maj Other Required Pick,24.0,2026_POS_Reduced.xlsx,192,S26526 NOS-220,ok,,Linux Admin I
A25590,Information Technology,TRD,2026,66.0,Other Major Requirements Maj Other Required Pick,major_choice,NOS230,3,A25590::Other Major Requirements Maj Other Required Pick,24.0,2026_POS_Reduced.xlsx,193,S24041 NOS-230,ok,,Windows Administration I
A25590,Information Technology,TRD,2026,66.0,Other Major Requirements Maj Other Required Pick,major_choice,NOS231,3,A25590::Other Major Requirements Maj Other Required Pick,24.0,2026_POS_Reduced.xlsx,194,S24042 NOS-231,ok,,Windows Administration II
A25590,Information Technology,TRD,2026,66.0,Other Major Requirements Maj Other Required Pick,major_choice,NOS232,3,A25590::Other Major Requirements Maj Other Required Pick,24.0,2026_POS_Reduced.xlsx,195,S24043 NOS-232,ok,,Windows Administration III
A25590,Information Technology,TRD,2026,66.0,Other Major Requirements Maj Other Required Pick,major_choice,NOS250,3,A25590::Other Major Requirements Maj Other Required Pick,24.0,2026_POS_Reduced.xlsx,196,S24505 NOS-250,ok,,Enterprise Database Servers
A25590,Information Technology,TRD,2026,66.0,Other Major Requirements Maj Other Required Pick,major_choice,OST137,3,A25590::Other Major Requirements Maj Other Required Pick,24.0,2026_POS_Reduced.xlsx,197,S26555 OST-137,ok,,Office Applications I
A25590,Information Technology,TRD,2026,66.0,Other Major Requirements Maj Other Required Pick,major_choice,OST171,3,A25590::Other Major Requirements Maj Other Required Pick,24.0,2026_POS_Reduced.xlsx,198,S13737 OST-171,ok,,Intro. to Virtual Office
A25590,Information Technology,TRD,2026,66.0,Other Major Requirements Maj Other Required Pick,major_choice,SEC110,3,A25590::Other Major Requirements Maj Other Required Pick,24.0,2026_POS_Reduced.xlsx,199,S26529 SEC-110,ok,,Security Concepts
A25590,Information Technology,TRD,2026,66.0,Other Major Requirements Maj Other Required Pick,major_choice,SEC150,3,A25590::Other Major Requirements Maj Other Required Pick,24.0,2026_POS_Reduced.xlsx,200,S24398 SEC-150,ok,,Secure Communications
A25590,Information Technology,TRD,2026,66.0,Other Major Requirements Maj Other Required Pick,major_choice,SEC151,3,A25590::Other Major Requirements Maj Other Required Pick,24.0,2026_POS_Reduced.xlsx,201,S24506 SEC-151,ok,,Intro to Protocol Analysis
A25590,Information Technology,TRD,2026,66.0,Other Major Requirements Maj Other Required Pick,major_choice,SEC160,3,A25590::Other Major Requirements Maj Other Required Pick,24.0,2026_POS_Reduced.xlsx,202,S26530 SEC-160,ok,,Security Administration I
A25590,Information Technology,TRD,2026,66.0,Other Major Requirements Maj Other Required Pick,major_choice,SEC175,3,A25590::Other Major Requirements Maj Other Required Pick,24.0,2026_POS_Reduced.xlsx,203,S24507 SEC-175,ok,,Perimeter Defense
A25590,Information Technology,TRD,2026,66.0,Other Major Requirements Maj Other Required Pick,major_choice,SEC210,3,A25590::Other Major Requirements Maj Other Required Pick,24.0,2026_POS_Reduced.xlsx,204,S24400 SEC-210,ok,,Intrusion Detection
A25590,Information Technology,TRD,2026,66.0,Other Major Requirements Maj Other Required Pick,major_choice,SEC251,3,A25590::Other Major Requirements Maj Other Required Pick,24.0,2026_POS_Reduced.xlsx,205,S24508 SEC-251,ok,,Advanced Protocol Analysis
A25590,Information Technology,TRD,2026,66.0,Other Major Requirements Maj Other Required Pick,major_choice,SEC258,3,A25590::Other Major Requirements Maj Other Required Pick,24.0,2026_POS_Reduced.xlsx,206,S24509 SEC-258,ok,,Security Compliance
A25590,Information Technology,TRD,2026,66.0,Other Major Requirements Maj Other Required Pick,major_choice,SEC285,3,A25590::Other Major Requirements Maj Other Required Pick,24.0,2026_POS_Reduced.xlsx,207,S26531 SEC-285,ok,,Systems Security Project
A25590,Information Technology,TRD,2026,66.0,Other Major Requirements Maj Other Required Pick,major_choice,SGD112,3,A25590::Other Major Requirements Maj Other Required Pick,24.0,2026_POS_Reduced.xlsx,208,S25761 SGD-112,ok,,SGD Design I
A25590,Information Technology,TRD,2026,66.0,Other Major Requirements Maj Other Required Pick,major_choice,SGD113,3,A25590::Other Major Requirements Maj Other Required Pick,24.0,2026_POS_Reduced.xlsx,209,S25762 SGD-113,ok,,SGD Programming I
A25590,Information Technology,TRD,2026,66.0,Other Major Requirements Maj Other Required Pick,major_choice,SGD114,3,A25590::Other Major Requirements Maj Other Required Pick,24.0,2026_POS_Reduced.xlsx,210,S25763 SGD-114,ok,,SGD 3D Modeling I
A25590,Information Technology,TRD,2026,66.0,Other Major Requirements Maj Other Required Pick,major_choice,SGD115,3,A25590::Other Major Requirements Maj Other Required Pick,24.0,2026_POS_Reduced.xlsx,211,S23980 SGD-115,ok,,Physically-Based Modeling
A25590,Information Technology,TRD,2026,66.0,Other Major Requirements Maj Other Required Pick,major_choice,SGD116,3,A25590::Other Major Requirements Maj Other Required Pick,24.0,2026_POS_Reduced.xlsx,212,S25764 SGD-116,ok,,SGD Graphic Design Tools
A25590,Information Technology,TRD,2026,66.0,Other Major Requirements Maj Other Required Pick,major_choice,SGD117,3,A25590::Other Major Requirements Maj Other Required Pick,24.0,2026_POS_Reduced.xlsx,213,S22248 SGD-117,ok,,Art for Games
A25590,Information Technology,TRD,2026,66.0,Other Major Requirements Maj Other Required Pick,major_choice,SGD125,3,A25590::Other Major Requirements Maj Other Required Pick,24.0,2026_POS_Reduced.xlsx,214,S21247 SGD-125,ok,,SG Artificial Intellig
A25590,Information Technology,TRD,2026,66.0,Other Major Requirements Maj Other Required Pick,major_choice,SGD135,3,A25590::Other Major Requirements Maj Other Required Pick,24.0,2026_POS_Reduced.xlsx,215,S22250 SGD-135,ok,,Serious Games
A25590,Information Technology,TRD,2026,66.0,Other Major Requirements Maj Other Required Pick,major_choice,SGD158,3,A25590::Other Major Requirements Maj Other Required Pick,24.0,2026_POS_Reduced.xlsx,216,S21909 SGD-158,ok,,SGD Business Management
A25590,Information Technology,TRD,2026,66.0,Other Major Requirements Maj Other Required Pick,major_choice,SGD161,3,A25590::Other Major Requirements Maj Other Required Pick,24.0,2026_POS_Reduced.xlsx,218,S25765 SGD-161,ok,,SGD
A25590,Information Technology,TRD,2026,66.0,Other Major Requirements Maj Other Required Pick,major_choice,SGD162,3,A25590::Other Major Requirements Maj Other Required Pick,24.0,2026_POS_Reduced.xlsx,219,S25766 SGD-162,ok,,SGD
A25590,Information Technology,TRD,2026,66.0,Other Major Requirements Maj Other Required Pick,major_choice,SGD163,3,A25590::Other Major Requirements Maj Other Required Pick,24.0,2026_POS_Reduced.xlsx,220,S25767 SGD-163,ok,,SGD
A25590,Information Technology,TRD,2026,66.0,Other Major Requirements Maj Other Required Pick,major_choice,SGD165,3,A25590::Other Major Requirements Maj Other Required Pick,24.0,2026_POS_Reduced.xlsx,221,S25769 SGD-165,ok,,SGD
A25590,Information Technology,TRD,2026,66.0,Other Major Requirements Maj Other Required Pick,major_choice,SGD166,3,A25590::Other Major Requirements Maj Other Required Pick,24.0,2026_POS_Reduced.xlsx,222,S25770 SGD-166,ok,,SGD
A25590,Information Technology,TRD,2026,66.0,Other Major Requirements Maj Other Required Pick,major_choice,SGD168,3,A25590::Other Major Requirements Maj Other Required Pick,24.0,2026_POS_Reduced.xlsx,223,S25772 SGD-168,ok,,SGD
A25590,Information Technology,TRD,2026,66.0,Other Major Requirements Maj Other Required Pick,major_choice,SGD172,3,A25590::Other Major Requirements Maj Other Required Pick,24.0,2026_POS_Reduced.xlsx,224,S25774 SGD-172,ok,,SGD
A25590,Information Technology,TRD,2026,66.0,Other Major Requirements Maj Other Required Pick,major_choice,SGD174,3,A25590::Other Major Requirements Maj Other Required Pick,24.0,2026_POS_Reduced.xlsx,225,S25775 SGD-174,ok,,SGD
A25590,Information Technology,TRD,2026,66.0,Other Major Requirements Maj Other Required Pick,major_choice,SGD212,3,A25590::Other Major Requirements Maj Other Required Pick,24.0,2026_POS_Reduced.xlsx,226,S21265 SGD-212,ok,,SGD
A25590,Information Technology,TRD,2026,66.0,Other Major Requirements Maj Other Required Pick,major_choice,SGD213,3,A25590::Other Major Requirements Maj Other Required Pick,24.0,2026_POS_Reduced.xlsx,227,S23019 SGD-213,ok,,SGD
A25590,Information Technology,TRD,2026,66.0,Other Major Requirements Maj Other Required Pick,major_choice,SGD214,3,A25590::Other Major Requirements Maj Other Required Pick,24.0,2026_POS_Reduced.xlsx,228,S25776 SGD-214,ok,,SGD
A25590,Information Technology,TRD,2026,66.0,Other Major Requirements Maj Other Required Pick,major_choice,SGD237,3,A25590::Other Major Requirements Maj Other Required Pick,24.0,2026_POS_Reduced.xlsx,229,S22254 SGD-237,ok,,Rigging 3D Models
A25590,Information Technology,TRD,2026,66.0,Other Major Requirements Maj Other Required Pick,major_choice,SGD262,3,A25590::Other Major Requirements Maj Other Required Pick,24.0,2026_POS_Reduced.xlsx,230,S25324 SGD-262,ok,,SGD 3D Animation II
A25590,Information Technology,TRD,2026,66.0,Other Major Requirements Maj Other Required Pick,major_choice,SGD268,3,A25590::Other Major Requirements Maj Other Required Pick,24.0,2026_POS_Reduced.xlsx,231,S25778 SGD-268,ok,,SGD Mobile Programming II
A25590,Information Technology,TRD,2026,66.0,Other Major Requirements Maj Other Required Pick,major_choice,SGD274,3,A25590::Other Major Requirements Maj Other Required Pick,24.0,2026_POS_Reduced.xlsx,232,S25779 SGD-274,ok,,SGD Level Design II
A25590,Information Technology,TRD,2026,66.0,Other Major Requirements Maj Other Required Pick,major_choice,SGD285,3,A25590::Other Major Requirements Maj Other Required Pick,24.0,2026_POS_Reduced.xlsx,233,S25804 SGD-285,ok,,SGD Software Engineering
A25590,Information Technology,TRD,2026,66.0,Other Major Requirements Maj Other Required Pick,major_choice,SGD288,2,A25590::Other Major Requirements Maj Other Required Pick,24.0,2026_POS_Reduced.xlsx,234,S25697 SGD-288,ok,,SGD Portfolio Design
A25590,Information Technology,TRD,2026,66.0,Other Major Requirements Maj Other Required Pick,major_choice,SGD289,3,A25590::Other Major Requirements Maj Other Required Pick,24.0,2026_POS_Reduced.xlsx,235,S26532 SGD-289,ok,,SGD Capstone Project
A25590,Information Technology,TRD,2026,66.0,Other Major Requirements Maj Other Required Pick,major_choice,WEB110,3,A25590::Other Major Requirements Maj Other Required Pick,24.0,2026_POS_Reduced.xlsx,236,S25817 WEB-110,ok,,Web Development Fundamentals
A25590,Information Technology,TRD,2026,66.0,Other Major Requirements Maj Other Required Pick,major_choice,WEB115,3,A25590::Other Major Requirements Maj Other Required Pick,24.0,2026_POS_Reduced.xlsx,237,S25729 WEB-115,ok,,Web Markup and Scripting
A25590,Information Technology,TRD,2026,66.0,Other Major Requirements Maj Other Required Pick,major_choice,WEB125,3,A25590::Other Major Requirements Maj Other Required Pick,24.0,2026_POS_Reduced.xlsx,238,S26140 WEB-125,ok,,Responsive Web Frameworks
A25590,Information Technology,TRD,2026,66.0,Other Major Requirements Maj Other Required Pick,major_choice,WEB140,3,A25590::Other Major Requirements Maj Other Required Pick,24.0,2026_POS_Reduced.xlsx,239,S25584 WEB-140,ok,,Web Development Tools
A25590,Information Technology,TRD,2026,66.0,Other Major Requirements Maj Other Required Pick,major_choice,WEB141,3,A25590::Other Major Requirements Maj Other Required Pick,24.0,2026_POS_Reduced.xlsx,240,S23075 WEB-141,ok,,Mobile Interface Design
A25590,Information Technology,TRD,2026,66.0,Other Major Requirements Maj Other Required Pick,major_choice,WEB151,3,A25590::Other Major Requirements Maj Other Required Pick,24.0,2026_POS_Reduced.xlsx,241,S25818 WEB-151,ok,,Mobile Application Dev I
A25590,Information Technology,TRD,2026,66.0,Other Major Requirements Maj Other Required Pick,major_choice,WEB210,3,A25590::Other Major Requirements Maj Other Required Pick,24.0,2026_POS_Reduced.xlsx,242,S25876 WEB-210,ok,,Web Design
A25590,Information Technology,TRD,2026,66.0,Other Major Requirements Maj Other Required Pick,major_choice,WEB213,3,A25590::Other Major Requirements Maj Other Required Pick,24.0,2026_POS_Reduced.xlsx,243,S25877 WEB-213,ok,,Internet Mkt & Analytics
A25590,Information Technology,TRD,2026,66.0,Other Major Requirements Maj Other Required Pick,major_choice,WEB214,3,A25590::Other Major Requirements Maj Other Required Pick,24.0,2026_POS_Reduced.xlsx,244,S25821 WEB-214,ok,,Social Media
A25590,Information Technology,TRD,2026,66.0,Other Major Requirements Maj Other Required Pick,major_choice,WEB215,3,A25590::Other Major Requirements Maj Other Required Pick,24.0,2026_POS_Reduced.xlsx,245,S25730 WEB-215,ok,,Adv Markup and Scripting
A25590,Information Technology,TRD,2026,66.0,Other Major Requirements Maj Other Required Pick,major_choice,WEB225,3,A25590::Other Major Requirements Maj Other Required Pick,24.0,2026_POS_Reduced.xlsx,246,S25878 WEB-225,ok,,Content Management Sys
A25590,Information Technology,TRD,2026,66.0,Other Major Requirements Maj Other Required Pick,major_choice,WEB251,3,A25590::Other Major Requirements Maj Other Required Pick,24.0,2026_POS_Reduced.xlsx,247,S25822 WEB-251,ok,,Mobile Application Dev II
A25590,Information Technology,TRD,2026,66.0,Other Major Requirements Maj Other Required Pick,major_choice,WEB287,2,A25590::Other Major Requirements Maj Other Required Pick,24.0,2026_POS_Reduced.xlsx,248,S25825 WEB-287,ok,,Web E-Portfolio
A25590,Information Technology,TRD,2026,66.0,Other Major Requirements Maj Other Required Pick,major_choice,BAS120,3,A25590::Take From Pick,8.0,2026_POS_Reduced.xlsx,249,Maj Other > Take From Pick 2 8 credits S24318 BAS-120,ok,,Intro to Analytics
A25590,Information Technology,TRD,2026,66.0,Other Major Requirements Maj Other Required Pick,major_choice,BAS121,3,A25590::Take From Pick,8.0,2026_POS_Reduced.xlsx,250,S24319 BAS-121,ok,,Data Visualization
A25590,Information Technology,TRD,2026,66.0,Other Major Requirements Maj Other Required Pick,major_choice,BAS150,3,A25590::Take From Pick,8.0,2026_POS_Reduced.xlsx,251,S24320 BAS-150,ok,,Intro to Analytical Program.
A25590,Information Technology,TRD,2026,66.0,Other Major Requirements Maj Other Required Pick,major_choice,BAS220,3,A25590::Take From Pick,8.0,2026_POS_Reduced.xlsx,252,S24321 BAS-220,ok,,Appl. Analytical Program.
A25590,Information Technology,TRD,2026,66.0,Other Major Requirements Maj Other Required Pick,major_choice,CCT112,3,A25590::Take From Pick,8.0,2026_POS_Reduced.xlsx,253,S26506 CCT-112,ok,,Ethics & High Technology
A25590,Information Technology,TRD,2026,66.0,Other Major Requirements Maj Other Required Pick,major_choice,CCT121,4,A25590::Take From Pick,8.0,2026_POS_Reduced.xlsx,254,S10005 CCT-121,ok,,Computer Crime Invest.
A25590,Information Technology,TRD,2026,66.0,Other Major Requirements Maj Other Required Pick,major_choice,CCT231,3,A25590::Take From Pick,8.0,2026_POS_Reduced.xlsx,255,S26507 CCT-231,ok,,Technology Crimes & Law
A25590,Information Technology,TRD,2026,66.0,Other Major Requirements Maj Other Required Pick,major_choice,CCT240,3,A25590::Take From Pick,8.0,2026_POS_Reduced.xlsx,256,S10346 CCT-240,ok,,Data Recovery Techniques
A25590,Information Technology,TRD,2026,66.0,Other Major Requirements Maj Other Required Pick,major_choice,CCT241,3,A25590::Take From Pick,8.0,2026_POS_Reduced.xlsx,257,S21748 CCT-241,ok,,Advanced Data Recovery
A25590,Information Technology,TRD,2026,66.0,Other Major Requirements Maj Other Required Pick,major_choice,CCT250,3,A25590::Take From Pick,8.0,2026_POS_Reduced.xlsx,258,S25622 CCT-250,ok,,Network Vulnerabilities I
A25590,Information Technology,TRD,2026,66.0,Other Major Requirements Maj Other Required Pick,major_choice,CCT251,3,A25590::Take From Pick,8.0,2026_POS_Reduced.xlsx,259,S21750 CCT-251,ok,,Network Vulnerabilities II
A25590,Information Technology,TRD,2026,66.0,Other Major Requirements Maj Other Required Pick,major_choice,CCT260,3,A25590::Take From Pick,8.0,2026_POS_Reduced.xlsx,260,S22653 CCT-260,ok,,Mobile Phone Examination
A25590,Information Technology,TRD,2026,66.0,Other Major Requirements Maj Other Required Pick,major_choice,CCT272,3,A25590::Take From Pick,8.0,2026_POS_Reduced.xlsx,261,S22655 CCT-272,ok,,Forensic Password Recov
A25590,Information Technology,TRD,2026,66.0,Other Major Requirements Maj Other Required Pick,major_choice,CCT273,3,A25590::Take From Pick,8.0,2026_POS_Reduced.xlsx,262,S22656 CCT-273,ok,,Registry Forensics
A25590,Information Technology,TRD,2026,66.0,Other Major Requirements Maj Other Required Pick,major_choice,CET111,3,A25590::Take From Pick,8.0,2026_POS_Reduced.xlsx,263,S21574 CET-111,ok,,Computer Upgrade/Repair I
A25590,Information Technology,TRD,2026,66.0,Other Major Requirements Maj Other Required Pick,major_choice,CIS110,3,A25590::Take From Pick,8.0,2026_POS_Reduced.xlsx,264,S21058 CIS-110,ok,,Introduction to Computers
A25590,Information Technology,TRD,2026,66.0,Other Major Requirements Maj Other Required Pick,major_choice,CIS111,2,A25590::Take From Pick,8.0,2026_POS_Reduced.xlsx,265,S21059 CIS-111,ok,,Basic PC Literacy
A25590,Information Technology,TRD,2026,66.0,Other Major Requirements Maj Other Required Pick,major_choice,CIS115,3,A25590::Take From Pick,8.0,2026_POS_Reduced.xlsx,266,S26390 CIS-115,ok,,Intro to Prog & Logic
A25590,Information Technology,TRD,2026,66.0,Other Major Requirements Maj Other Required Pick,major_choice,CSC112,3,A25590::Take From Pick,8.0,2026_POS_Reduced.xlsx,267,S25841 CSC-112,ok,,Machine Learning Computation
A25590,Information Technology,TRD,2026,66.0,Other Major Requirements Maj Other Required Pick,major_choice,CSC113,3,A25590::Take From Pick,8.0,2026_POS_Reduced.xlsx,268,S26510 CSC-113,ok,,Artificial Intel. Fundamentals
A25590,Information Technology,TRD,2026,66.0,Other Major Requirements Maj Other Required Pick,major_choice,CSC114,3,A25590::Take From Pick,8.0,2026_POS_Reduced.xlsx,269,S25540 CSC-114,ok,,Artificial Intelligence I
A25590,Information Technology,TRD,2026,66.0,Other Major Requirements Maj Other Required Pick,major_choice,CSC115,3,A25590::Take From Pick,8.0,2026_POS_Reduced.xlsx,270,S25541 CSC-115,ok,,Machine Learning I
A25590,Information Technology,TRD,2026,66.0,Other Major Requirements Maj Other Required Pick,major_choice,CSC118,3,A25590::Take From Pick,8.0,2026_POS_Reduced.xlsx,271,S25077 CSC-118,ok,,Swift Programming I
A25590,Information Technology,TRD,2026,66.0,Other Major Requirements Maj Other Required Pick,major_choice,CSC121,3,A25590::Take From Pick,8.0,2026_POS_Reduced.xlsx,273,S24483 CSC-121,ok,,Python Programming
A25590,Information Technology,TRD,2026,66.0,Other Major Requirements Maj Other Required Pick,major_choice,CSC123,3,A25590::Take From Pick,8.0,2026_POS_Reduced.xlsx,274,S26061 CSC-123,ok,,R Programming
A25590,Information Technology,TRD,2026,66.0,Other Major Requirements Maj Other Required Pick,major_choice,CSC124,3,A25590::Take From Pick,8.0,2026_POS_Reduced.xlsx,275,S25815 CSC-124,ok,,Intro to Data Science Prog.
A25590,Information Technology,TRD,2026,66.0,Other Major Requirements Maj Other Required Pick,major_choice,CSC134,3,A25590::Take From Pick,8.0,2026_POS_Reduced.xlsx,276,S21066 CSC-134,ok,,C++ Programming
A25590,Information Technology,TRD,2026,66.0,Other Major Requirements Maj Other Required Pick,major_choice,CSC151,3,A25590::Take From Pick,8.0,2026_POS_Reduced.xlsx,277,S21076 CSC-151,ok,,JAVA Programming
A25590,Information Technology,TRD,2026,66.0,Other Major Requirements Maj Other Required Pick,major_choice,CSC153,3,A25590::Take From Pick,8.0,2026_POS_Reduced.xlsx,278,S21077 CSC-153,ok,,C# Programming
A25590,Information Technology,TRD,2026,66.0,Other Major Requirements Maj Other Required Pick,major_choice,CSC155,3,A25590::Take From Pick,8.0,2026_POS_Reduced.xlsx,279,S25563 CSC-155,ok,,Natural Language Processing
A25590,Information Technology,TRD,2026,66.0,Other Major Requirements Maj Other Required Pick,major_choice,CSC161,3,A25590::Take From Pick,8.0,2026_POS_Reduced.xlsx,280,S25565 CSC-161,ok,,Deep Learning
A25590,Information Technology,TRD,2026,66.0,Other Major Requirements Maj Other Required Pick,major_choice,CSC162,3,A25590::Take From Pick,8.0,2026_POS_Reduced.xlsx,281,S25842 CSC-162,ok,,Computer Vision
A25590,Information Technology,TRD,2026,66.0,Other Major Requirements Maj Other Required Pick,major_choice,CSC214,3,A25590::Take From Pick,8.0,2026_POS_Reduced.xlsx,282,S25566 CSC-214,ok,,Artificial Intelligence II
A25590,Information Technology,TRD,2026,66.0,Other Major Requirements Maj Other Required Pick,major_choice,CSC215,3,A25590::Take From Pick,8.0,2026_POS_Reduced.xlsx,283,S25567 CSC-215,ok,,Machine Learning II
A25590,Information Technology,TRD,2026,66.0,Other Major Requirements Maj Other Required Pick,major_choice,CSC218,3,A25590::Take From Pick,8.0,2026_POS_Reduced.xlsx,284,S25080 CSC-218,ok,,Swift Programming II
A25590,Information Technology,TRD,2026,66.0,Other Major Requirements Maj Other Required Pick,major_choice,CSC221,3,A25590::Take From Pick,8.0,2026_POS_Reduced.xlsx,285,S25816 CSC-221,ok,,Advanced Python Programming
A25590,Information Technology,TRD,2026,66.0,Other Major Requirements Maj Other Required Pick,major_choice,CSC234,3,A25590::Take From Pick,8.0,2026_POS_Reduced.xlsx,286,S21079 CSC-234,ok,,Advanced C++ Programming
A25590,Information Technology,TRD,2026,66.0,Other Major Requirements Maj Other Required Pick,major_choice,CSC249,3,A25590::Take From Pick,8.0,2026_POS_Reduced.xlsx,287,S24357 CSC-249,ok,,Data Structure & Algorithms
A25590,Information Technology,TRD,2026,66.0,Other Major Requirements Maj Other Required Pick,major_choice,CSC251,3,A25590::Take From Pick,8.0,2026_POS_Reduced.xlsx,288,S21089 CSC-251,ok,,Advanced JAVA Programming
A25590,Information Technology,TRD,2026,66.0,Other Major Requirements Maj Other Required Pick,major_choice,CSC253,3,A25590::Take From Pick,8.0,2026_POS_Reduced.xlsx,289,S21090 CSC-253,ok,,Advanced C# Programming
A25590,Information Technology,TRD,2026,66.0,Other Major Requirements Maj Other Required Pick,major_choice,CSC289,3,A25590::Take From Pick,8.0,2026_POS_Reduced.xlsx,290,S24358 CSC-289,ok,,Programming Capstone Project
A25590,Information Technology,TRD,2026,66.0,Other Major Requirements Maj Other Required Pick,major_choice,CTI115,3,A25590::Take From Pick,8.0,2026_POS_Reduced.xlsx,291,S24347 CTI-115,ok,,Computer Systems Foundation
A25590,Information Technology,TRD,2026,66.0,Other Major Requirements Maj Other Required Pick,major_choice,CTI130,6,A25590::Take From Pick,8.0,2026_POS_Reduced.xlsx,292,S22512 CTI-130,ok,,Os and Device Foundation
A25590,Information Technology,TRD,2026,66.0,Other Major Requirements Maj Other Required Pick,major_choice,CTI135,3,A25590::Take From Pick,8.0,2026_POS_Reduced.xlsx,293,S23156 CTI-135,ok,,Introduction to Green IT
A25590,Information Technology,TRD,2026,66.0,Other Major Requirements Maj Other Required Pick,major_choice,CTI140,3,A25590::Take From Pick,8.0,2026_POS_Reduced.xlsx,294,S23205 CTI-140,ok,,Virtualization Concepts
A25590,Information Technology,TRD,2026,66.0,Other Major Requirements Maj Other Required Pick,major_choice,CTI141,3,A25590::Take From Pick,8.0,2026_POS_Reduced.xlsx,295,S23206 CTI-141,ok,,Cloud & Storage Concepts
A25590,Information Technology,TRD,2026,66.0,Other Major Requirements Maj Other Required Pick,major_choice,CTI175,3,A25590::Take From Pick,8.0,2026_POS_Reduced.xlsx,296,S24495 CTI-175,ok,,Intro to Wireless Technology
A25590,Information Technology,TRD,2026,66.0,Other Major Requirements Maj Other Required Pick,major_choice,CTI240,3,A25590::Take From Pick,8.0,2026_POS_Reduced.xlsx,297,S23207 CTI-240,ok,,Virtualization Admin I
A25590,Information Technology,TRD,2026,66.0,Other Major Requirements Maj Other Required Pick,major_choice,CTI241,3,A25590::Take From Pick,8.0,2026_POS_Reduced.xlsx,298,S23208 CTI-241,ok,,Virtualization Admin II
A25590,Information Technology,TRD,2026,66.0,Other Major Requirements Maj Other Required Pick,major_choice,CTI260,3,A25590::Take From Pick,8.0,2026_POS_Reduced.xlsx,299,S24104 CTI-260,ok,,Data Center Troubleshooting
A25590,Information Technology,TRD,2026,66.0,Other Major Requirements Maj Other Required Pick,major_choice,CTI270,3,A25590::Take From Pick,8.0,2026_POS_Reduced.xlsx,300,S24105 CTI-270,ok,,Data Center Design & Prob Res
A25590,Information Technology,TRD,2026,66.0,Other Major Requirements Maj Other Required Pick,major_choice,CTI289,3,A25590::Take From Pick,8.0,2026_POS_Reduced.xlsx,301,S24362 CTI-289,ok,,CTI Capstone Project
A25590,Information Technology,TRD,2026,66.0,Other Major Requirements Maj Other Required Pick,major_choice,CTS120,3,A25590::Take From Pick,8.0,2026_POS_Reduced.xlsx,302,S23679 CTS-120,ok,,Hardware/Software Support
A25590,Information Technology,TRD,2026,66.0,Other Major Requirements Maj Other Required Pick,major_choice,CTS130,3,A25590::Take From Pick,8.0,2026_POS_Reduced.xlsx,303,S24366 CTS-130,ok,,Spreadsheet
A25590,Information Technology,TRD,2026,66.0,Other Major Requirements Maj Other Required Pick,major_choice,CTS135,4,A25590::Take From Pick,8.0,2026_POS_Reduced.xlsx,304,S24367 CTS-135,ok,,Integrated Software Intro
A25590,Information Technology,TRD,2026,66.0,Other Major Requirements Maj Other Required Pick,major_choice,CTS137,3,A25590::Take From Pick,8.0,2026_POS_Reduced.xlsx,305,S25881 CTS-137,ok,,Google Project Management I
A25590,Information Technology,TRD,2026,66.0,Other Major Requirements Maj Other Required Pick,major_choice,CTS210,3,A25590::Take From Pick,8.0,2026_POS_Reduced.xlsx,306,S24368 CTS-210,ok,,Computer Ethics
A25590,Information Technology,TRD,2026,66.0,Other Major Requirements Maj Other Required Pick,major_choice,CTS220,3,A25590::Take From Pick,8.0,2026_POS_Reduced.xlsx,307,S21005 CTS-220,ok,,Adv Hard/Software Support
A25590,Information Technology,TRD,2026,66.0,Other Major Requirements Maj Other Required Pick,major_choice,CTS225,3,A25590::Take From Pick,8.0,2026_POS_Reduced.xlsx,308,S24496 CTS-225,ok,,Spreadsheet Data Analysis
A25590,Information Technology,TRD,2026,66.0,Other Major Requirements Maj Other Required Pick,major_choice,CTS230,3,A25590::Take From Pick,8.0,2026_POS_Reduced.xlsx,309,S21006 CTS-230,ok,,Advanced Spreadsheet
A25590,Information Technology,TRD,2026,66.0,Other Major Requirements Maj Other Required Pick,major_choice,CTS237,3,A25590::Take From Pick,8.0,2026_POS_Reduced.xlsx,310,S25884 CTS-237,ok,,Google Project Management II
A25590,Information Technology,TRD,2026,66.0,Other Major Requirements Maj Other Required Pick,major_choice,CTS240,3,A25590::Take From Pick,8.0,2026_POS_Reduced.xlsx,311,S24369 CTS-240,ok,,Project Management
A25590,Information Technology,TRD,2026,66.0,Other Major Requirements Maj Other Required Pick,major_choice,CTS250,3,A25590::Take From Pick,8.0,2026_POS_Reduced.xlsx,312,S24371 CTS-250,ok,,User Support & Software Eval
A25590,Information Technology,TRD,2026,66.0,Other Major Requirements Maj Other Required Pick,major_choice,CTS255,3,A25590::Take From Pick,8.0,2026_POS_Reduced.xlsx,313,S21010 CTS-255,ok,,Adv Tech Support Functions
A25590,Information Technology,TRD,2026,66.0,Other Major Requirements Maj Other Required Pick,major_choice,CTS272,3,A25590::Take From Pick,8.0,2026_POS_Reduced.xlsx,314,S24372 CTS-272,ok,,Desktop Support: Apps
A25590,Information Technology,TRD,2026,66.0,Other Major Requirements Maj Other Required Pick,major_choice,CTS285,3,A25590::Take From Pick,8.0,2026_POS_Reduced.xlsx,315,S26511 CTS-285,ok,,Systems Analysis & Design
A25590,Information Technology,TRD,2026,66.0,Other Major Requirements Maj Other Required Pick,major_choice,CTS289,3,A25590::Take From Pick,8.0,2026_POS_Reduced.xlsx,316,S24375 CTS-289,ok,,System Support Project
A25590,Information Technology,TRD,2026,66.0,Other Major Requirements Maj Other Required Pick,major_choice,DBA110,3,A25590::Take From Pick,8.0,2026_POS_Reduced.xlsx,317,S21017 DBA-110,ok,,Database Concepts
A25590,Information Technology,TRD,2026,66.0,Other Major Requirements Maj Other Required Pick,major_choice,DBA112,3,A25590::Take From Pick,8.0,2026_POS_Reduced.xlsx,318,S24376 DBA-112,ok,,Database Utilization
A25590,Information Technology,TRD,2026,66.0,Other Major Requirements Maj Other Required Pick,major_choice,DBA115,3,A25590::Take From Pick,8.0,2026_POS_Reduced.xlsx,319,S21019 DBA-115,ok,,Database Applications
A25590,Information Technology,TRD,2026,66.0,Other Major Requirements Maj Other Required Pick,major_choice,DBA118,3,A25590::Take From Pick,8.0,2026_POS_Reduced.xlsx,320,S25885 DBA-118,ok,,Google Data Analytics I
A25590,Information Technology,TRD,2026,66.0,Other Major Requirements Maj Other Required Pick,major_choice,DBA120,3,A25590::Take From Pick,8.0,2026_POS_Reduced.xlsx,321,S21020 DBA-120,ok,,Database Programming I
A25590,Information Technology,TRD,2026,66.0,Other Major Requirements Maj Other Required Pick,major_choice,DBA125,3,A25590::Take From Pick,8.0,2026_POS_Reduced.xlsx,322,S24497 DBA-125,ok,,Database Reporting
A25590,Information Technology,TRD,2026,66.0,Other Major Requirements Maj Other Required Pick,major_choice,DBA130,3,A25590::Take From Pick,8.0,2026_POS_Reduced.xlsx,323,S24498 DBA-130,ok,,Intro to noSQL Databases
A25590,Information Technology,TRD,2026,66.0,Other Major Requirements Maj Other Required Pick,major_choice,DBA210,3,A25590::Take From Pick,8.0,2026_POS_Reduced.xlsx,324,S21021 DBA-210,ok,,Database Administration
A25590,Information Technology,TRD,2026,66.0,Other Major Requirements Maj Other Required Pick,major_choice,DBA218,3,A25590::Take From Pick,8.0,2026_POS_Reduced.xlsx,325,S25886 DBA-218,ok,,Google Data Analytics II
A25590,Information Technology,TRD,2026,66.0,Other Major Requirements Maj Other Required Pick,major_choice,DBA220,3,A25590::Take From Pick,8.0,2026_POS_Reduced.xlsx,326,S21022 DBA-220,ok,,Oracle DB Programming II
A25590,Information Technology,TRD,2026,66.0,Other Major Requirements Maj Other Required Pick,major_choice,DBA221,3,A25590::Take From Pick,8.0,2026_POS_Reduced.xlsx,327,S21023 DBA-221,ok,,SQL Server DB Prog II
A25590,Information Technology,TRD,2026,66.0,Other Major Requirements Maj Other Required Pick,major_choice,DBA223,3,A25590::Take From Pick,8.0,2026_POS_Reduced.xlsx,328,S21025 DBA-223,ok,,MySQL DB Programming II
A25590,Information Technology,TRD,2026,66.0,Other Major Requirements Maj Other Required Pick,major_choice,DBA230,3,A25590::Take From Pick,8.0,2026_POS_Reduced.xlsx,329,S21028 DBA-230,ok,,Databases in Corp Environs
A25590,Information Technology,TRD,2026,66.0,Other Major Requirements Maj Other Required Pick,major_choice,DBA240,3,A25590::Take From Pick,8.0,2026_POS_Reduced.xlsx,331,S21029 DBA-240,ok,,Database Analysis/Design
A25590,Information Technology,TRD,2026,66.0,Other Major Requirements Maj Other Required Pick,major_choice,DBA260,3,A25590::Take From Pick,8.0,2026_POS_Reduced.xlsx,332,S21030 DBA-260,ok,,Oracle DBMS Admin
A25590,Information Technology,TRD,2026,66.0,Other Major Requirements Maj Other Required Pick,major_choice,DBA261,3,A25590::Take From Pick,8.0,2026_POS_Reduced.xlsx,333,S21031 DBA-261,ok,,SQL Server DBMS Admin
A25590,Information Technology,TRD,2026,66.0,Other Major Requirements Maj Other Required Pick,major_choice,DBA270,3,A25590::Take From Pick,8.0,2026_POS_Reduced.xlsx,334,S24377 DBA-270,ok,,Oracle Performance Tuning
A25590,Information Technology,TRD,2026,66.0,Other Major Requirements Maj Other Required Pick,major_choice,DBA271,3,A25590::Take From Pick,8.0,2026_POS_Reduced.xlsx,335,S24378 DBA-271,ok,,SQL Server Perf Tuning
A25590,Information Technology,TRD,2026,66.0,Other Major Requirements Maj Other Required Pick,major_choice,DBA273,3,A25590::Take From Pick,8.0,2026_POS_Reduced.xlsx,336,S24379 DBA-273,ok,,MySQL Performance Tuning
A25590,Information Technology,TRD,2026,66.0,Other Major Requirements Maj Other Required Pick,major_choice,DBA285,3,A25590::Take From Pick,8.0,2026_POS_Reduced.xlsx,337,S24380 DBA-285,ok,,Data Warehousing and Mining
A25590,Information Technology,TRD,2026,66.0,Other Major Requirements Maj Other Required Pick,major_choice,DBA289,3,A25590::Take From Pick,8.0,2026_POS_Reduced.xlsx,338,S26513 DBA-289,ok,,Database Capstone Project
A25590,Information Technology,TRD,2026,66.0,Other Major Requirements Maj Other Required Pick,major_choice,DEA111,3,A25590::Take From Pick,8.0,2026_POS_Reduced.xlsx,339,S26899 DEA-111,ok,,Introduction to AMA
A25590,Information Technology,TRD,2026,66.0,Other Major Requirements Maj Other Required Pick,major_choice,DEA112,3,A25590::Take From Pick,8.0,2026_POS_Reduced.xlsx,340,S26900 DEA-112,ok,,2D Design and Animation I
A25590,Information Technology,TRD,2026,66.0,Other Major Requirements Maj Other Required Pick,major_choice,DEA212,3,A25590::Take From Pick,8.0,2026_POS_Reduced.xlsx,341,S26903 DEA-212,ok,,2D Design & Animation II
A25590,Information Technology,TRD,2026,66.0,Other Major Requirements Maj Other Required Pick,major_choice,DEA213,3,A25590::Take From Pick,8.0,2026_POS_Reduced.xlsx,342,S26904 DEA-213,ok,,3D Design and Animation I
A25590,Information Technology,TRD,2026,66.0,Other Major Requirements Maj Other Required Pick,major_choice,DME110,3,A25590::Take From Pick,8.0,2026_POS_Reduced.xlsx,343,S20550 DME-110,ok,,Intro to Digital Media
A25590,Information Technology,TRD,2026,66.0,Other Major Requirements Maj Other Required Pick,major_choice,DME111,3,A25590::Take From Pick,8.0,2026_POS_Reduced.xlsx,344,S25623 DME-111,ok,,Content Strategy
A25590,Information Technology,TRD,2026,66.0,Other Major Requirements Maj Other Required Pick,major_choice,DME115,3,A25590::Take From Pick,8.0,2026_POS_Reduced.xlsx,345,S26514 DME-115,ok,,Digital Media Tools
A25590,Information Technology,TRD,2026,66.0,Other Major Requirements Maj Other Required Pick,major_choice,DME120,3,A25590::Take From Pick,8.0,2026_POS_Reduced.xlsx,346,S26515 DME-120,ok,,Intro to Multimedia
A25590,Information Technology,TRD,2026,66.0,Other Major Requirements Maj Other Required Pick,major_choice,DME125,3,A25590::Take From Pick,8.0,2026_POS_Reduced.xlsx,347,S25624 DME-125,ok,,User Experience Fundamentals
A25590,Information Technology,TRD,2026,66.0,Other Major Requirements Maj Other Required Pick,major_choice,DME130,3,A25590::Take From Pick,8.0,2026_POS_Reduced.xlsx,348,S26516 DME-130,ok,,Digital Animation I
A25590,Information Technology,TRD,2026,66.0,Other Major Requirements Maj Other Required Pick,major_choice,DME140,3,A25590::Take From Pick,8.0,2026_POS_Reduced.xlsx,349,S25872 DME-140,ok,,Intro to Audio/Video Media
A25590,Information Technology,TRD,2026,66.0,Other Major Requirements Maj Other Required Pick,major_choice,DME210,3,A25590::Take From Pick,8.0,2026_POS_Reduced.xlsx,350,S25332 DME-210,ok,,User Interface Design
A25590,Information Technology,TRD,2026,66.0,Other Major Requirements Maj Other Required Pick,major_choice,DME211,3,A25590::Take From Pick,8.0,2026_POS_Reduced.xlsx,351,S25625 DME-211,ok,,User Experience Res. & Test
A25590,Information Technology,TRD,2026,66.0,Other Major Requirements Maj Other Required Pick,major_choice,DME215,3,A25590::Take From Pick,8.0,2026_POS_Reduced.xlsx,352,S25873 DME-215,ok,,Adv Graphic Design Tools
A25590,Information Technology,TRD,2026,66.0,Other Major Requirements Maj Other Required Pick,major_choice,DME216,3,A25590::Take From Pick,8.0,2026_POS_Reduced.xlsx,353,S25627 DME-216,ok,,Visual Artifacts in User Exp.
A25590,Information Technology,TRD,2026,66.0,Other Major Requirements Maj Other Required Pick,major_choice,DME220,3,A25590::Take From Pick,8.0,2026_POS_Reduced.xlsx,354,S20556 DME-220,ok,,Interactive Multimedia Prog
A25590,Information Technology,TRD,2026,66.0,Other Major Requirements Maj Other Required Pick,major_choice,DME230,3,A25590::Take From Pick,8.0,2026_POS_Reduced.xlsx,355,S20557 DME-230,ok,,Digital Animation II
A25590,Information Technology,TRD,2026,66.0,Other Major Requirements Maj Other Required Pick,major_choice,DME240,3,A25590::Take From Pick,8.0,2026_POS_Reduced.xlsx,356,S21735 DME-240,ok,,Media Compression
A25590,Information Technology,TRD,2026,66.0,Other Major Requirements Maj Other Required Pick,major_choice,DME260,3,A25590::Take From Pick,8.0,2026_POS_Reduced.xlsx,357,S20558 DME-260,ok,,Emerging Tech Digital Media
A25590,Information Technology,TRD,2026,66.0,Other Major Requirements Maj Other Required Pick,major_choice,DME270,3,A25590::Take From Pick,8.0,2026_POS_Reduced.xlsx,358,S20559 DME-270,ok,,Prof Pract Digital Media
A25590,Information Technology,TRD,2026,66.0,Other Major Requirements Maj Other Required Pick,major_choice,DME285,3,A25590::Take From Pick,8.0,2026_POS_Reduced.xlsx,359,S20560 DME-285,ok,,Systems Project
A25590,Information Technology,TRD,2026,66.0,Other Major Requirements Maj Other Required Pick,major_choice,GIS111,3,A25590::Take From Pick,8.0,2026_POS_Reduced.xlsx,360,S12471 GIS-111,ok,,Introduction to GIS
A25590,Information Technology,TRD,2026,66.0,Other Major Requirements Maj Other Required Pick,major_choice,GRD110,3,A25590::Take From Pick,8.0,2026_POS_Reduced.xlsx,361,S25910 GRD-110,ok,,Typography I
A25590,Information Technology,TRD,2026,66.0,Other Major Requirements Maj Other Required Pick,major_choice,GRD121,2,A25590::Take From Pick,8.0,2026_POS_Reduced.xlsx,362,S26197 GRD-121,ok,,Drawing Fundamentals I
A25590,Information Technology,TRD,2026,66.0,Other Major Requirements Maj Other Required Pick,major_choice,GRD131,3,A25590::Take From Pick,8.0,2026_POS_Reduced.xlsx,363,S26198 GRD-131,ok,,Illustration I
A25590,Information Technology,TRD,2026,66.0,Other Major Requirements Maj Other Required Pick,major_choice,GRD132,3,A25590::Take From Pick,8.0,2026_POS_Reduced.xlsx,364,S26199 GRD-132,ok,,Illustration II
A25590,Information Technology,TRD,2026,66.0,Other Major Requirements Maj Other Required Pick,major_choice,GRD141,4,A25590::Take From Pick,8.0,2026_POS_Reduced.xlsx,365,S26201 GRD-141,ok,,Graphic Design I
A25590,Information Technology,TRD,2026,66.0,Other Major Requirements Maj Other Required Pick,major_choice,GRD142,4,A25590::Take From Pick,8.0,2026_POS_Reduced.xlsx,366,S26202 GRD-142,ok,,Graphic Design II
A25590,Information Technology,TRD,2026,66.0,Other Major Requirements Maj Other Required Pick,major_choice,GRD151,3,A25590::Take From Pick,8.0,2026_POS_Reduced.xlsx,367,S26203 GRD-151,ok,,Computer Design Basics
A25590,Information Technology,TRD,2026,66.0,Other Major Requirements Maj Other Required Pick,major_choice,GRD152,3,A25590::Take From Pick,8.0,2026_POS_Reduced.xlsx,368,S26204 GRD-152,ok,,Computer Design Technology
A25590,Information Technology,TRD,2026,66.0,Other Major Requirements Maj Other Required Pick,major_choice,GRD153,3,A25590::Take From Pick,8.0,2026_POS_Reduced.xlsx,369,S26205 GRD-153,ok,,Computer Design Solutions
A25590,Information Technology,TRD,2026,66.0,Other Major Requirements Maj Other Required Pick,major_choice,GRD154,3,A25590::Take From Pick,8.0,2026_POS_Reduced.xlsx,370,S26230 GRD-154,ok,,Vector Imaging Software
A25590,Information Technology,TRD,2026,66.0,Other Major Requirements Maj Other Required Pick,major_choice,GRD159,3,A25590::Take From Pick,8.0,2026_POS_Reduced.xlsx,371,S26232 GRD-159,ok,,Raster Imaging Applications
A25590,Information Technology,TRD,2026,66.0,Other Major Requirements Maj Other Required Pick,major_choice,GRD167,3,A25590::Take From Pick,8.0,2026_POS_Reduced.xlsx,372,S26208 GRD-167,ok,,Digital Photography I
A25590,Information Technology,TRD,2026,66.0,Other Major Requirements Maj Other Required Pick,major_choice,GRD168,3,A25590::Take From Pick,8.0,2026_POS_Reduced.xlsx,373,S26209 GRD-168,ok,,Digital Photography II
A25590,Information Technology,TRD,2026,66.0,Other Major Requirements Maj Other Required Pick,major_choice,MIT115,3,A25590::Take From Pick,8.0,2026_POS_Reduced.xlsx,374,S12218 MIT-115,ok,,Intro to Video Concepts
A25590,Information Technology,TRD,2026,66.0,Other Major Requirements Maj Other Required Pick,major_choice,MIT120,3,A25590::Take From Pick,8.0,2026_POS_Reduced.xlsx,375,S10814 MIT-120,ok,,Intro to Audio Concepts
A25590,Information Technology,TRD,2026,66.0,Other Major Requirements Maj Other Required Pick,major_choice,MKT232,3,A25590::Take From Pick,8.0,2026_POS_Reduced.xlsx,376,S26219 MKT-232,ok,,Social Media Marketing
A25590,Information Technology,TRD,2026,66.0,Other Major Requirements Maj Other Required Pick,major_choice,NET110,3,A25590::Take From Pick,8.0,2026_POS_Reduced.xlsx,377,S21056 NET-110,ok,,Networking Concepts
A25590,Information Technology,TRD,2026,66.0,Other Major Requirements Maj Other Required Pick,major_choice,NET125,3,A25590::Take From Pick,8.0,2026_POS_Reduced.xlsx,378,S26517 NET-125,ok,,Introduction to Networks
A25590,Information Technology,TRD,2026,66.0,Other Major Requirements Maj Other Required Pick,major_choice,NET126,3,A25590::Take From Pick,8.0,2026_POS_Reduced.xlsx,379,S26518 NET-126,ok,,Switching and Routing
A25590,Information Technology,TRD,2026,66.0,Other Major Requirements Maj Other Required Pick,major_choice,NET135,3,A25590::Take From Pick,8.0,2026_POS_Reduced.xlsx,380,S24499 NET-135,ok,,Data Center Networking
A25590,Information Technology,TRD,2026,66.0,Other Major Requirements Maj Other Required Pick,major_choice,NET225,3,A25590::Take From Pick,8.0,2026_POS_Reduced.xlsx,381,S26519 NET-225,ok,,Enterprise Networking
A25590,Information Technology,TRD,2026,66.0,Other Major Requirements Maj Other Required Pick,major_choice,NET226,3,A25590::Take From Pick,8.0,2026_POS_Reduced.xlsx,382,S26520 NET-226,ok,,Network Programmability
A25590,Information Technology,TRD,2026,66.0,Other Major Requirements Maj Other Required Pick,major_choice,NET270,4,A25590::Take From Pick,8.0,2026_POS_Reduced.xlsx,383,S26522 NET-270,ok,,Building Scalable Networks
A25590,Information Technology,TRD,2026,66.0,Other Major Requirements Maj Other Required Pick,major_choice,NET272,3,A25590::Take From Pick,8.0,2026_POS_Reduced.xlsx,384,S24392 NET-272,ok,,Multi-Layer Networks
A25590,Information Technology,TRD,2026,66.0,Other Major Requirements Maj Other Required Pick,major_choice,NET289,3,A25590::Take From Pick,8.0,2026_POS_Reduced.xlsx,385,S26524 NET-289,ok,,Networking Capstone Project
A25590,Information Technology,TRD,2026,66.0,Other Major Requirements Maj Other Required Pick,major_choice,NOS110,3,A25590::Take From Pick,8.0,2026_POS_Reduced.xlsx,386,S20980 NOS-110,ok,,Operating Systems Concepts
A25590,Information Technology,TRD,2026,66.0,Other Major Requirements Maj Other Required Pick,major_choice,NOS120,3,A25590::Take From Pick,8.0,2026_POS_Reduced.xlsx,387,S26525 NOS-120,ok,,Linux Single User
A25590,Information Technology,TRD,2026,66.0,Other Major Requirements Maj Other Required Pick,major_choice,NOS125,3,A25590::Take From Pick,8.0,2026_POS_Reduced.xlsx,389,S24502 NOS-125,ok,,Linux/Unix Scripting
A25590,Information Technology,TRD,2026,66.0,Other Major Requirements Maj Other Required Pick,major_choice,NOS130,3,A25590::Take From Pick,8.0,2026_POS_Reduced.xlsx,390,S24397 NOS-130,ok,,Windows Single User
A25590,Information Technology,TRD,2026,66.0,Other Major Requirements Maj Other Required Pick,major_choice,NOS160,3,A25590::Take From Pick,8.0,2026_POS_Reduced.xlsx,391,S24504 NOS-160,ok,,Mobile Operating Systems
A25590,Information Technology,TRD,2026,66.0,Other Major Requirements Maj Other Required Pick,major_choice,NOS220,3,A25590::Take From Pick,8.0,2026_POS_Reduced.xlsx,392,S26526 NOS-220,ok,,Linux Admin I
A25590,Information Technology,TRD,2026,66.0,Other Major Requirements Maj Other Required Pick,major_choice,NOS221,3,A25590::Take From Pick,8.0,2026_POS_Reduced.xlsx,393,S26527 NOS-221,ok,,Linux Admin II
A25590,Information Technology,TRD,2026,66.0,Other Major Requirements Maj Other Required Pick,major_choice,NOS230,3,A25590::Take From Pick,8.0,2026_POS_Reduced.xlsx,394,S24041 NOS-230,ok,,Windows Administration I
A25590,Information Technology,TRD,2026,66.0,Other Major Requirements Maj Other Required Pick,major_choice,NOS231,3,A25590::Take From Pick,8.0,2026_POS_Reduced.xlsx,395,S24042 NOS-231,ok,,Windows Administration II
A25590,Information Technology,TRD,2026,66.0,Other Major Requirements Maj Other Required Pick,major_choice,NOS232,3,A25590::Take From Pick,8.0,2026_POS_Reduced.xlsx,396,S24043 NOS-232,ok,,Windows Administration III
A25590,Information Technology,TRD,2026,66.0,Other Major Requirements Maj Other Required Pick,major_choice,NOS250,3,A25590::Take From Pick,8.0,2026_POS_Reduced.xlsx,397,S24505 NOS-250,ok,,Enterprise Database Servers
A25590,Information Technology,TRD,2026,66.0,Other Major Requirements Maj Other Required Pick,major_choice,OST137,3,A25590::Take From Pick,8.0,2026_POS_Reduced.xlsx,398,S26555 OST-137,ok,,Office Applications I
A25590,Information Technology,TRD,2026,66.0,Other Major Requirements Maj Other Required Pick,major_choice,OST171,3,A25590::Take From Pick,8.0,2026_POS_Reduced.xlsx,399,S13737 OST-171,ok,,Intro. to Virtual Office
A25590,Information Technology,TRD,2026,66.0,Other Major Requirements Maj Other Required Pick,major_choice,SEC110,3,A25590::Take From Pick,8.0,2026_POS_Reduced.xlsx,400,S26529 SEC-110,ok,,Security Concepts
A25590,Information Technology,TRD,2026,66.0,Other Major Requirements Maj Other Required Pick,major_choice,SEC150,3,A25590::Take From Pick,8.0,2026_POS_Reduced.xlsx,401,S24398 SEC-150,ok,,Secure Communications
A25590,Information Technology,TRD,2026,66.0,Other Major Requirements Maj Other Required Pick,major_choice,SEC151,3,A25590::Take From Pick,8.0,2026_POS_Reduced.xlsx,402,S24506 SEC-151,ok,,Intro to Protocol Analysis
A25590,Information Technology,TRD,2026,66.0,Other Major Requirements Maj Other Required Pick,major_choice,SEC160,3,A25590::Take From Pick,8.0,2026_POS_Reduced.xlsx,403,S26530 SEC-160,ok,,Security Administration I
A25590,Information Technology,TRD,2026,66.0,Other Major Requirements Maj Other Required Pick,major_choice,SEC175,3,A25590::Take From Pick,8.0,2026_POS_Reduced.xlsx,404,S24507 SEC-175,ok,,Perimeter Defense
A25590,Information Technology,TRD,2026,66.0,Other Major Requirements Maj Other Required Pick,major_choice,SEC210,3,A25590::Take From Pick,8.0,2026_POS_Reduced.xlsx,405,S24400 SEC-210,ok,,Intrusion Detection
A25590,Information Technology,TRD,2026,66.0,Other Major Requirements Maj Other Required Pick,major_choice,SEC251,3,A25590::Take From Pick,8.0,2026_POS_Reduced.xlsx,406,S24508 SEC-251,ok,,Advanced Protocol Analysis
A25590,Information Technology,TRD,2026,66.0,Other Major Requirements Maj Other Required Pick,major_choice,SEC258,3,A25590::Take From Pick,8.0,2026_POS_Reduced.xlsx,407,S24509 SEC-258,ok,,Security Compliance
A25590,Information Technology,TRD,2026,66.0,Other Major Requirements Maj Other Required Pick,major_choice,SEC285,3,A25590::Take From Pick,8.0,2026_POS_Reduced.xlsx,408,S26531 SEC-285,ok,,Systems Security Project
A25590,Information Technology,TRD,2026,66.0,Other Major Requirements Maj Other Required Pick,major_choice,SGD112,3,A25590::Take From Pick,8.0,2026_POS_Reduced.xlsx,409,S25761 SGD-112,ok,,SGD Design I
A25590,Information Technology,TRD,2026,66.0,Other Major Requirements Maj Other Required Pick,major_choice,SGD113,3,A25590::Take From Pick,8.0,2026_POS_Reduced.xlsx,410,S25762 SGD-113,ok,,SGD Programming I
A25590,Information Technology,TRD,2026,66.0,Other Major Requirements Maj Other Required Pick,major_choice,SGD114,3,A25590::Take From Pick,8.0,2026_POS_Reduced.xlsx,411,S25763 SGD-114,ok,,SGD 3D Modeling I
A25590,Information Technology,TRD,2026,66.0,Other Major Requirements Maj Other Required Pick,major_choice,SGD115,3,A25590::Take From Pick,8.0,2026_POS_Reduced.xlsx,412,S23980 SGD-115,ok,,Physically-Based Modeling
A25590,Information Technology,TRD,2026,66.0,Other Major Requirements Maj Other Required Pick,major_choice,SGD116,3,A25590::Take From Pick,8.0,2026_POS_Reduced.xlsx,413,S25764 SGD-116,ok,,SGD Graphic Design Tools
A25590,Information Technology,TRD,2026,66.0,Other Major Requirements Maj Other Required Pick,major_choice,SGD117,3,A25590::Take From Pick,8.0,2026_POS_Reduced.xlsx,414,S22248 SGD-117,ok,,Art for Games
A25590,Information Technology,TRD,2026,66.0,Other Major Requirements Maj Other Required Pick,major_choice,SGD125,3,A25590::Take From Pick,8.0,2026_POS_Reduced.xlsx,415,S21247 SGD-125,ok,,SG Artificial Intellig
A25590,Information Technology,TRD,2026,66.0,Other Major Requirements Maj Other Required Pick,major_choice,SGD135,3,A25590::Take From Pick,8.0,2026_POS_Reduced.xlsx,416,S22250 SGD-135,ok,,Serious Games
A25590,Information Technology,TRD,2026,66.0,Other Major Requirements Maj Other Required Pick,major_choice,SGD158,3,A25590::Take From Pick,8.0,2026_POS_Reduced.xlsx,417,S21909 SGD-158,ok,,SGD Business Management
A25590,Information Technology,TRD,2026,66.0,Other Major Requirements Maj Other Required Pick,major_choice,SGD161,3,A25590::Take From Pick,8.0,2026_POS_Reduced.xlsx,418,S25765 SGD-161,ok,,SGD 2D Animation
A25590,Information Technology,TRD,2026,66.0,Other Major Requirements Maj Other Required Pick,major_choice,SGD162,3,A25590::Take From Pick,8.0,2026_POS_Reduced.xlsx,419,S25766 SGD-162,ok,,SGD 3D Animation I
A25590,Information Technology,TRD,2026,66.0,Other Major Requirements Maj Other Required Pick,major_choice,SGD163,3,A25590::Take From Pick,8.0,2026_POS_Reduced.xlsx,420,S25767 SGD-163,ok,,SGD Documentation
A25590,Information Technology,TRD,2026,66.0,Other Major Requirements Maj Other Required Pick,major_choice,SGD165,3,A25590::Take From Pick,8.0,2026_POS_Reduced.xlsx,421,S25769 SGD-165,ok,,SGD Character Development
A25590,Information Technology,TRD,2026,66.0,Other Major Requirements Maj Other Required Pick,major_choice,SGD166,3,A25590::Take From Pick,8.0,2026_POS_Reduced.xlsx,422,S25770 SGD-166,ok,,SGD Physiology/Kinesis
A25590,Information Technology,TRD,2026,66.0,Other Major Requirements Maj Other Required Pick,major_choice,SGD168,3,A25590::Take From Pick,8.0,2026_POS_Reduced.xlsx,423,S25772 SGD-168,ok,,SGD Mobile Programming I
A25590,Information Technology,TRD,2026,66.0,Other Major Requirements Maj Other Required Pick,major_choice,SGD172,3,A25590::Take From Pick,8.0,2026_POS_Reduced.xlsx,424,S25774 SGD-172,ok,,SGD Virtual Environments
A25590,Information Technology,TRD,2026,66.0,Other Major Requirements Maj Other Required Pick,major_choice,SGD174,3,A25590::Take From Pick,8.0,2026_POS_Reduced.xlsx,425,S25775 SGD-174,ok,,SGD Level Design I
A25590,Information Technology,TRD,2026,66.0,Other Major Requirements Maj Other Required Pick,major_choice,SGD212,3,A25590::Take From Pick,8.0,2026_POS_Reduced.xlsx,426,S21265 SGD-212,ok,,SGD Design II
A25590,Information Technology,TRD,2026,66.0,Other Major Requirements Maj Other Required Pick,major_choice,SGD213,3,A25590::Take From Pick,8.0,2026_POS_Reduced.xlsx,427,S23019 SGD-213,ok,,SGD Programming II
A25590,Information Technology,TRD,2026,66.0,Other Major Requirements Maj Other Required Pick,major_choice,SGD214,3,A25590::Take From Pick,8.0,2026_POS_Reduced.xlsx,428,S25776 SGD-214,ok,,SGD 3D Modeling II
A25590,Information Technology,TRD,2026,66.0,Other Major Requirements Maj Other Required Pick,major_choice,SGD237,3,A25590::Take From Pick,8.0,2026_POS_Reduced.xlsx,429,S22254 SGD-237,ok,,Rigging 3D Models
A25590,Information Technology,TRD,2026,66.0,Other Major Requirements Maj Other Required Pick,major_choice,SGD262,3,A25590::Take From Pick,8.0,2026_POS_Reduced.xlsx,430,S25324 SGD-262,ok,,SGD 3D Animation II
A25590,Information Technology,TRD,2026,66.0,Other Major Requirements Maj Other Required Pick,major_choice,SGD268,3,A25590::Take From Pick,8.0,2026_POS_Reduced.xlsx,431,S25778 SGD-268,ok,,SGD Mobile Programming II
A25590,Information Technology,TRD,2026,66.0,Other Major Requirements Maj Other Required Pick,major_choice,SGD274,3,A25590::Take From Pick,8.0,2026_POS_Reduced.xlsx,432,S25779 SGD-274,ok,,SGD Level Design II
A25590,Information Technology,TRD,2026,66.0,Other Major Requirements Maj Other Required Pick,major_choice,SGD285,3,A25590::Take From Pick,8.0,2026_POS_Reduced.xlsx,433,S25804 SGD-285,ok,,SGD Software Engineering
A25590,Information Technology,TRD,2026,66.0,Other Major Requirements Maj Other Required Pick,major_choice,SGD288,2,A25590::Take From Pick,8.0,2026_POS_Reduced.xlsx,434,S25697 SGD-288,ok,,SGD Portfolio Design
A25590,Information Technology,TRD,2026,66.0,Other Major Requirements Maj Other Required Pick,major_choice,SGD289,3,A25590::Take From Pick,8.0,2026_POS_Reduced.xlsx,435,S26532 SGD-289,ok,,SGD Capstone Project
A25590,Information Technology,TRD,2026,66.0,Other Major Requirements Maj Other Required Pick,major_choice,WEB110,3,A25590::Take From Pick,8.0,2026_POS_Reduced.xlsx,436,S25817 WEB-110,ok,,Web Development Fundamentals
A25590,Information Technology,TRD,2026,66.0,Other Major Requirements Maj Other Required Pick,major_choice,WEB115,3,A25590::Take From Pick,8.0,2026_POS_Reduced.xlsx,437,S25729 WEB-115,ok,,Web Markup and Scripting
A25590,Information Technology,TRD,2026,66.0,Other Major Requirements Maj Other Required Pick,major_choice,WEB125,3,A25590::Take From Pick,8.0,2026_POS_Reduced.xlsx,438,S26140 WEB-125,ok,,Responsive Web Frameworks
A25590,Information Technology,TRD,2026,66.0,Other Major Requirements Maj Other Required Pick,major_choice,WEB140,3,A25590::Take From Pick,8.0,2026_POS_Reduced.xlsx,439,S25584 WEB-140,ok,,Web Development Tools
A25590,Information Technology,TRD,2026,66.0,Other Major Requirements Maj Other Required Pick,major_choice,WEB141,3,A25590::Take From Pick,8.0,2026_POS_Reduced.xlsx,440,S23075 WEB-141,ok,,Mobile Interface Design
A25590,Information Technology,TRD,2026,66.0,Other Major Requirements Maj Other Required Pick,major_choice,WEB151,3,A25590::Take From Pick,8.0,2026_POS_Reduced.xlsx,441,S25818 WEB-151,ok,,Mobile Application Dev I
A25590,Information Technology,TRD,2026,66.0,Other Major Requirements Maj Other Required Pick,major_choice,WEB210,3,A25590::Take From Pick,8.0,2026_POS_Reduced.xlsx,442,S25876 WEB-210,ok,,Web Design
A25590,Information Technology,TRD,2026,66.0,Other Major Requirements Maj Other Required Pick,major_choice,WEB213,3,A25590::Take From Pick,8.0,2026_POS_Reduced.xlsx,443,S25877 WEB-213,ok,,Internet Mkt & Analytics
A25590,Information Technology,TRD,2026,66.0,Other Major Requirements Maj Other Required Pick,major_choice,WEB215,3,A25590::Take From Pick,8.0,2026_POS_Reduced.xlsx,444,S25730 WEB-215,ok,,Adv Markup and Scripting
A25590,Information Technology,TRD,2026,66.0,Other Major Requirements Maj Other Required Pick,major_choice,WEB225,3,A25590::Take From Pick,8.0,2026_POS_Reduced.xlsx,445,S25878 WEB-225,ok,,Content Management Sys
A25590,Information Technology,TRD,2026,66.0,Other Major Requirements Maj Other Required Pick,major_choice,WEB251,3,A25590::Take From Pick,8.0,2026_POS_Reduced.xlsx,447,S25822 WEB-251,ok,,Mobile Application Dev II
A25590,Information Technology,TRD,2026,66.0,Other Major Requirements Maj Other Required Pick,major_choice,WEB287,2,A25590::Take From Pick,8.0,2026_POS_Reduced.xlsx,448,S25825 WEB-287,ok,,Web E-Portfolio
A25590,Information Technology,TRD,2026,66.0,Other Major Requirements Maj Other Required Pick,major_choice,WBL110,1,A25590::Take From Pick,8.0,2026_POS_Reduced.xlsx,449,S23792 WBL-110,ok,,World of Work
A25590,Information Technology,TRD,2026,66.0,Other Major Requirements Maj Other Required Pick,major_choice,WBL111,1,A25590::Take From Pick,8.0,2026_POS_Reduced.xlsx,450,S23794 WBL-111,ok,,Work-Based Learning I
A25590,Information Technology,TRD,2026,66.0,Other Major Requirements Maj Other Required Pick,major_choice,WBL112,2,A25590::Take From Pick,8.0,2026_POS_Reduced.xlsx,451,S23795 WBL-112,ok,,Work-Based Learning I
A25590,Information Technology,TRD,2026,66.0,Other Major Requirements Maj Other Required Pick,major_choice,WBL113,3,A25590::Take From Pick,8.0,2026_POS_Reduced.xlsx,452,S23797 WBL-113,ok,,Work-Based Learning I
A25590,Information Technology,TRD,2026,66.0,Other Major Requirements Maj Other Required Pick,major_choice,WBL121,1,A25590::Take From Pick,8.0,2026_POS_Reduced.xlsx,453,S23800 WBL-121,ok,,Work-Based Learning II
A25590,Information Technology,TRD,2026,66.0,Other Major Requirements Maj Other Required Pick,major_choice,WBL122,2,A25590::Take From Pick,8.0,2026_POS_Reduced.xlsx,454,S23801 WBL-122,ok,,Work-Based Learning II
A25590,Information Technology,TRD,2026,66.0,Other Major Requirements Maj Other Required Pick,major_choice,WBL123,3,A25590::Take From Pick,8.0,2026_POS_Reduced.xlsx,455,S23802 WBL-123,ok,,Work-Based Learning II
A25590,Information Technology,TRD,2026,66.0,Other Major Requirements Maj Other Required Pick,major_choice,WBL131,1,A25590::Take From Pick,8.0,2026_POS_Reduced.xlsx,456,S23805 WBL-131,ok,,Work-Based Learning III
A25590,Information Technology,TRD,2026,66.0,Other Major Requirements Maj Other Required Pick,major_choice,WBL132,2,A25590::Take From Pick,8.0,2026_POS_Reduced.xlsx,457,S23806 WBL-132,ok,,Work-Based Learning III
A25590,Information Technology,TRD,2026,66.0,Other Major Requirements Maj Other Required Pick,major_choice,ACA110,2,A25590::ACA Req Pick,1.0,2026_POS_Reduced.xlsx,460,From S25047 ACA-110,ok,,Work Math/Literacy/Documents
A25590,Information Technology,TRD,2026,66.0,Other Major Requirements Maj Other Required Pick,major_choice,ACA120,1,A25590::ACA Req Pick,1.0,2026_POS_Reduced.xlsx,461,S12380 ACA-120,ok,,Career Assessment
A25590,Information Technology,TRD,2026,66.0,Other Major Requirements Maj Other Required Pick,major_choice,ACA122,1,A25590::ACA Req Pick,1.0,2026_POS_Reduced.xlsx,462,S26592 ACA-122,ok,,Transfer & Career Success
A25620,Supply Chain Management,TRD,2026,66.0,General Education Requirements,general_education_choice,ENG111,3,A25620::Required Courses,3.0,2026_POS_Reduced.xlsx,466,Class Lab Clinc/Exp Credits 1) General Education Requirements (15.00) Required Courses > Take 3 credits From S26393 ENG-111 2025SP Writing and Inquiry CO-AAS 3.00 0.00 0.00 3.00 Req Communications Pick > Take 3 credits,ok,,Writing and Inquiry CO-AAS
A25620,Supply Chain Management,TRD,2026,66.0,General Education Requirements,general_education_choice,COM120,3,A25620::Req Communications Pick,3.0,2026_POS_Reduced.xlsx,467,From S21722 COM-120,ok,,Intro Interpersonal Com
A25620,Supply Chain Management,TRD,2026,66.0,General Education Requirements,general_education_choice,COM140,3,A25620::Req Communications Pick,3.0,2026_POS_Reduced.xlsx,468,S22118 COM-140,ok,,Intro Intercultural Com
A25620,Supply Chain Management,TRD,2026,66.0,General Education Requirements,general_education_choice,COM231,3,A25620::Req Communications Pick,3.0,2026_POS_Reduced.xlsx,469,S12601 COM-231,ok,,Public Speaking
A25620,Supply Chain Management,TRD,2026,66.0,General Education Requirements,general_education_choice,HUM110,3,A25620::Req Communications Pick,3.0,2026_POS_Reduced.xlsx,471,From S14059 HUM-110,ok,,Technology and Society
A25620,Supply Chain Management,TRD,2026,66.0,General Education Requirements,general_education_choice,HUM115,3,A25620::Req Communications Pick,3.0,2026_POS_Reduced.xlsx,472,S26396 HUM-115,ok,,Critical Thinking
A25620,Supply Chain Management,TRD,2026,66.0,General Education Requirements,general_education_choice,HUM120,3,A25620::Req Communications Pick,3.0,2026_POS_Reduced.xlsx,473,S12973 HUM-120,ok,,Cultural Studies
A25620,Supply Chain Management,TRD,2026,66.0,General Education Requirements,general_education_choice,PHI240,3,A25620::Req Communications Pick,3.0,2026_POS_Reduced.xlsx,474,S24029 PHI-240,ok,,Introduction to Ethics
A25620,Supply Chain Management,TRD,2026,66.0,General Education Requirements,general_education_choice,REL110,3,A25620::Req Communications Pick,3.0,2026_POS_Reduced.xlsx,475,S13256 REL-110,ok,,World Religions
A25620,Supply Chain Management,TRD,2026,66.0,General Education Requirements,general_education_choice,ECO252,3,A25620::Req Communications Pick,3.0,2026_POS_Reduced.xlsx,477,From S11710 ECO-252,ok,,Prin of Macroeconomics
A25620,Supply Chain Management,TRD,2026,66.0,General Education Requirements,general_education_choice,GEO111,3,A25620::Req Communications Pick,3.0,2026_POS_Reduced.xlsx,478,S13742 GEO-111,ok,,World Regional Geography
A25620,Supply Chain Management,TRD,2026,66.0,General Education Requirements,general_education_choice,PSY118,3,A25620::Req Communications Pick,3.0,2026_POS_Reduced.xlsx,479,S11025 PSY-118,ok,,Interpersonal Psychology
A25620,Supply Chain Management,TRD,2026,66.0,General Education Requirements,general_education_choice,PSY150,3,A25620::Req Communications Pick,3.0,2026_POS_Reduced.xlsx,480,S10777 PSY-150,ok,,General Psychology
A25620,Supply Chain Management,TRD,2026,66.0,General Education Requirements,general_education_choice,SOC210,3,A25620::Req Communications Pick,3.0,2026_POS_Reduced.xlsx,481,S11919 SOC-210,ok,,Introduction to Sociology
A25620,Supply Chain Management,TRD,2026,66.0,General Education Requirements,general_education_choice,SOC220,3,A25620::Req Communications Pick,3.0,2026_POS_Reduced.xlsx,482,S13948 SOC-220,ok,,Social Problems
A25620,Supply Chain Management,TRD,2026,66.0,General Education Requirements,general_education_choice,MAT143,3,A25620::Required Nat Sci/Math Pick,3.0,2026_POS_Reduced.xlsx,484,From S26401 MAT-143,ok,,Quantitative Literacy
A25620,Supply Chain Management,TRD,2026,66.0,General Education Requirements,general_education_choice,MAT152,4,A25620::Required Nat Sci/Math Pick,3.0,2026_POS_Reduced.xlsx,485,S26402 MAT-152,ok,,Statistical Methods I
A25620,Supply Chain Management,TRD,2026,66.0,Major Requirements,major_required,ACC120,4,A25620::Required Courses,13.0,2026_POS_Reduced.xlsx,487,From S20278 ACC-120,ok,,Prin of Financial Accounting
A25620,Supply Chain Management,TRD,2026,66.0,Major Requirements,major_required,BUS115,3,A25620::Required Courses,13.0,2026_POS_Reduced.xlsx,488,S24153 BUS-115,ok,,Business Law I
A25620,Supply Chain Management,TRD,2026,66.0,Major Requirements,major_required,ECO251,3,A25620::Required Courses,13.0,2026_POS_Reduced.xlsx,489,S11774 ECO-251,ok,,Prin of Microeconomics
A25620,Supply Chain Management,TRD,2026,66.0,Major Requirements,major_required,LOG110,3,A25620::Required Courses,13.0,2026_POS_Reduced.xlsx,490,S12915 LOG-110,ok,,Introduction to Logistics
A25620,Supply Chain Management,TRD,2026,66.0,Major Requirements,major_choice,CIS110,3,A25620::Required Computer App Pick,2.0,2026_POS_Reduced.xlsx,492,From S21058 CIS-110,ok,,Introduction to Computers
A25620,Supply Chain Management,TRD,2026,66.0,Major Requirements,major_choice,CIS111,2,A25620::Required Computer App Pick,2.0,2026_POS_Reduced.xlsx,493,S21059 CIS-111,ok,,Basic PC Literacy
A25620,Supply Chain Management,TRD,2026,66.0,Major Requirements,major_choice,OST137,3,A25620::Required Computer App Pick,2.0,2026_POS_Reduced.xlsx,494,S26555 OST-137,ok,,Office Applications I
A25620,Supply Chain Management,TRD,2026,66.0,Concentration Requirements,unresolved,LOG125,3,,16.0,2026_POS_Reduced.xlsx,496,From S21720 LOG-125,manual_review,"Required vs. choice status could not be determined safely from the source structure (no recognized ""...Pick""/""...Courses"" label for this requirement)",
A25620,Supply Chain Management,TRD,2026,66.0,Concentration Requirements,unresolved,LOG215,3,,16.0,2026_POS_Reduced.xlsx,497,S24525 LOG-215,manual_review,"Required vs. choice status could not be determined safely from the source structure (no recognized ""...Pick""/""...Courses"" label for this requirement)",
A25620,Supply Chain Management,TRD,2026,66.0,Concentration Requirements,unresolved,LOG235,3,,16.0,2026_POS_Reduced.xlsx,498,S21736 LOG-235,manual_review,"Required vs. choice status could not be determined safely from the source structure (no recognized ""...Pick""/""...Courses"" label for this requirement)",
A25620,Supply Chain Management,TRD,2026,66.0,Concentration Requirements,unresolved,LOG240,3,,16.0,2026_POS_Reduced.xlsx,499,S12672 LOG-240,manual_review,"Required vs. choice status could not be determined safely from the source structure (no recognized ""...Pick""/""...Courses"" label for this requirement)",
A25620,Supply Chain Management,TRD,2026,66.0,Concentration Requirements,unresolved,LOG250,4,,16.0,2026_POS_Reduced.xlsx,500,S14263 LOG-250,manual_review,"Required vs. choice status could not be determined safely from the source structure (no recognized ""...Pick""/""...Courses"" label for this requirement)",
A25620,Supply Chain Management,TRD,2026,66.0,Concentration Requirements,unresolved,LOG120,3,,15.0,2026_POS_Reduced.xlsx,503,From S10324 LOG-120,manual_review,"Required vs. choice status could not be determined safely from the source structure (no recognized ""...Pick""/""...Courses"" label for this requirement)",Global Logistics
A25620,Supply Chain Management,TRD,2026,66.0,Concentration Requirements,unresolved,LOG210,3,,15.0,2026_POS_Reduced.xlsx,504,S11871 LOG-210,manual_review,"Required vs. choice status could not be determined safely from the source structure (no recognized ""...Pick""/""...Courses"" label for this requirement)",Fleet Management
A25620,Supply Chain Management,TRD,2026,66.0,Concentration Requirements,unresolved,LOG211,3,,15.0,2026_POS_Reduced.xlsx,505,S22242 LOG-211,manual_review,"Required vs. choice status could not be determined safely from the source structure (no recognized ""...Pick""/""...Courses"" label for this requirement)",Distribution Management
A25620,Supply Chain Management,TRD,2026,66.0,Concentration Requirements,unresolved,LOG220,3,,15.0,2026_POS_Reduced.xlsx,506,S10691 LOG-220,manual_review,"Required vs. choice status could not be determined safely from the source structure (no recognized ""...Pick""/""...Courses"" label for this requirement)",Logistics Management
A25620,Supply Chain Management,TRD,2026,66.0,Concentration Requirements,unresolved,LOG230,3,,15.0,2026_POS_Reduced.xlsx,507,S13387 LOG-230,manual_review,"Required vs. choice status could not be determined safely from the source structure (no recognized ""...Pick""/""...Courses"" label for this requirement)",Transportation Management
A25620,Supply Chain Management,TRD,2026,66.0,Concentration Requirements,unresolved,BUS153,3,,15.0,2026_POS_Reduced.xlsx,509,> Take From 15 credits S11845 BUS-153,manual_review,"Required vs. choice status could not be determined safely from the source structure (no recognized ""...Pick""/""...Courses"" label for this requirement)",Human Resource Management
A25620,Supply Chain Management,TRD,2026,66.0,Concentration Requirements,unresolved,LOG125,3,,15.0,2026_POS_Reduced.xlsx,510,S21720 LOG-125,manual_review,"Required vs. choice status could not be determined safely from the source structure (no recognized ""...Pick""/""...Courses"" label for this requirement)",Transportation Logistics
A25620,Supply Chain Management,TRD,2026,66.0,Concentration Requirements,unresolved,LOG210,3,,15.0,2026_POS_Reduced.xlsx,511,S11871 LOG-210,manual_review,"Required vs. choice status could not be determined safely from the source structure (no recognized ""...Pick""/""...Courses"" label for this requirement)",Fleet Management
A25620,Supply Chain Management,TRD,2026,66.0,Concentration Requirements,unresolved,TOM130,3,,15.0,2026_POS_Reduced.xlsx,512,S24512 TOM-130,manual_review,"Required vs. choice status could not be determined safely from the source structure (no recognized ""...Pick""/""...Courses"" label for this requirement)",Fleet Maintenance
A25620,Supply Chain Management,TRD,2026,66.0,Concentration Requirements,unresolved,TOM250,3,,15.0,2026_POS_Reduced.xlsx,513,S24513 TOM-250,manual_review,"Required vs. choice status could not be determined safely from the source structure (no recognized ""...Pick""/""...Courses"" label for this requirement)",Operations of Trucking I
A25620,Supply Chain Management,TRD,2026,66.0,Concentration Requirements,unresolved,BUS153,3,,15.0,2026_POS_Reduced.xlsx,515,From S11845 BUS-153,manual_review,"Required vs. choice status could not be determined safely from the source structure (no recognized ""...Pick""/""...Courses"" label for this requirement)",Human Resource Management
A25620,Supply Chain Management,TRD,2026,66.0,Concentration Requirements,unresolved,LOG125,3,,15.0,2026_POS_Reduced.xlsx,516,S21720 LOG-125,manual_review,"Required vs. choice status could not be determined safely from the source structure (no recognized ""...Pick""/""...Courses"" label for this requirement)",Transportation Logistics
A25620,Supply Chain Management,TRD,2026,66.0,Concentration Requirements,unresolved,TOM120,3,,15.0,2026_POS_Reduced.xlsx,517,S24511 TOM-120,manual_review,"Required vs. choice status could not be determined safely from the source structure (no recognized ""...Pick""/""...Courses"" label for this requirement)",Introduction to Trucking
A25620,Supply Chain Management,TRD,2026,66.0,Concentration Requirements,unresolved,TOM130,3,,15.0,2026_POS_Reduced.xlsx,518,S24512 TOM-130,manual_review,"Required vs. choice status could not be determined safely from the source structure (no recognized ""...Pick""/""...Courses"" label for this requirement)",Fleet Maintenance
A25620,Supply Chain Management,TRD,2026,66.0,Concentration Requirements,unresolved,TOM250,3,,15.0,2026_POS_Reduced.xlsx,519,S24513 TOM-250,manual_review,"Required vs. choice status could not be determined safely from the source structure (no recognized ""...Pick""/""...Courses"" label for this requirement)",Operations of Trucking I
A25620,Supply Chain Management,TRD,2026,66.0,Other Major Requirements MAJ Other Required Courses,major_required,BUS110,3,A25620::Other Major Requirements MAJ Other Required Courses,15.0,2026_POS_Reduced.xlsx,520,4) Other Major Requirements MAJ Other Required Courses > Take 15 credits From S24149 BUS-110,ok,,Introduction to Business
A25620,Supply Chain Management,TRD,2026,66.0,Other Major Requirements MAJ Other Required Courses,major_required,CTS130,3,A25620::Other Major Requirements MAJ Other Required Courses,15.0,2026_POS_Reduced.xlsx,521,S24366 CTS-130,ok,,Spreadsheet
A25620,Supply Chain Management,TRD,2026,66.0,Other Major Requirements MAJ Other Required Courses,major_required,INT110,3,A25620::Other Major Requirements MAJ Other Required Courses,15.0,2026_POS_Reduced.xlsx,522,S24145 INT-110,ok,,International Business
A25620,Supply Chain Management,TRD,2026,66.0,Other Major Requirements MAJ Other Required Courses,major_required,MKT223,3,A25620::Other Major Requirements MAJ Other Required Courses,15.0,2026_POS_Reduced.xlsx,523,S26218 MKT-223,ok,,Customer Experience
A25620,Supply Chain Management,TRD,2026,66.0,Other Major Requirements MAJ Other Required Courses,major_required,OMT156,3,A25620::Other Major Requirements MAJ Other Required Courses,15.0,2026_POS_Reduced.xlsx,524,S12579 OMT-156,ok,,Problem-Solving Skills
A25620,Supply Chain Management,TRD,2026,66.0,Other Major Requirements MAJ Other Required Courses,major_choice,BAS120,3,A25620::MAJ Other Req Course Pick,5.0,2026_POS_Reduced.xlsx,525,MAJ Other Req Course Pick > Take 5 credits From S24318 BAS-120,ok,,Intro to Analytics
A25620,Supply Chain Management,TRD,2026,66.0,Other Major Requirements MAJ Other Required Courses,major_choice,BAS121,3,A25620::MAJ Other Req Course Pick,5.0,2026_POS_Reduced.xlsx,526,S24319 BAS-121,ok,,Data Visualization
A25620,Supply Chain Management,TRD,2026,66.0,Other Major Requirements MAJ Other Required Courses,major_choice,BUS153,3,A25620::MAJ Other Req Course Pick,5.0,2026_POS_Reduced.xlsx,527,S11845 BUS-153,ok,,Human Resource Management
A25620,Supply Chain Management,TRD,2026,66.0,Other Major Requirements MAJ Other Required Courses,major_choice,BUS240,3,A25620::MAJ Other Req Course Pick,5.0,2026_POS_Reduced.xlsx,528,S14002 BUS-240,ok,,Business Ethics
A25620,Supply Chain Management,TRD,2026,66.0,Other Major Requirements MAJ Other Required Courses,major_choice,BUS260,3,A25620::MAJ Other Req Course Pick,5.0,2026_POS_Reduced.xlsx,529,S23621 BUS-260,ok,,Business Communication
A25620,Supply Chain Management,TRD,2026,66.0,Other Major Requirements MAJ Other Required Courses,major_choice,ISC121,3,A25620::MAJ Other Req Course Pick,5.0,2026_POS_Reduced.xlsx,530,S20650 ISC-121,ok,,Envir Health & Safety
A25620,Supply Chain Management,TRD,2026,66.0,Other Major Requirements MAJ Other Required Courses,major_choice,LOG210,3,A25620::MAJ Other Req Course Pick,5.0,2026_POS_Reduced.xlsx,531,S11871 LOG-210,ok,,Fleet Management
A25620,Supply Chain Management,TRD,2026,66.0,Other Major Requirements MAJ Other Required Courses,major_choice,LOG211,3,A25620::MAJ Other Req Course Pick,5.0,2026_POS_Reduced.xlsx,532,S22242 LOG-211,ok,,Distribution Management
A25620,Supply Chain Management,TRD,2026,66.0,Other Major Requirements MAJ Other Required Courses,major_choice,LOG215,3,A25620::MAJ Other Req Course Pick,5.0,2026_POS_Reduced.xlsx,533,S24525 LOG-215,ok,,Supply Chain Management
A25620,Supply Chain Management,TRD,2026,66.0,Other Major Requirements MAJ Other Required Courses,major_choice,LOG220,3,A25620::MAJ Other Req Course Pick,5.0,2026_POS_Reduced.xlsx,534,S10691 LOG-220,ok,,Logistics Management
A25620,Supply Chain Management,TRD,2026,66.0,Other Major Requirements MAJ Other Required Courses,major_choice,LOG230,3,A25620::MAJ Other Req Course Pick,5.0,2026_POS_Reduced.xlsx,535,S13387 LOG-230,ok,,Transportation Management
A25620,Supply Chain Management,TRD,2026,66.0,Other Major Requirements MAJ Other Required Courses,major_choice,LOG235,3,A25620::MAJ Other Req Course Pick,5.0,2026_POS_Reduced.xlsx,536,S21736 LOG-235,ok,,Import/Export Management
A25620,Supply Chain Management,TRD,2026,66.0,Other Major Requirements MAJ Other Required Courses,major_choice,LOG245,3,A25620::MAJ Other Req Course Pick,5.0,2026_POS_Reduced.xlsx,537,S22244 LOG-245,ok,,Logistics Security
A25620,Supply Chain Management,TRD,2026,66.0,Other Major Requirements MAJ Other Required Courses,major_choice,MKT221,3,A25620::MAJ Other Req Course Pick,5.0,2026_POS_Reduced.xlsx,538,S12308 MKT-221,ok,,Consumer Behavior
A25620,Supply Chain Management,TRD,2026,66.0,Other Major Requirements MAJ Other Required Courses,major_choice,OMT110,3,A25620::MAJ Other Req Course Pick,5.0,2026_POS_Reduced.xlsx,539,S13368 OMT-110,ok,,Intro to Operations Mgmt
A25620,Supply Chain Management,TRD,2026,66.0,Other Major Requirements MAJ Other Required Courses,major_choice,TOM120,3,A25620::MAJ Other Req Course Pick,5.0,2026_POS_Reduced.xlsx,540,S24511 TOM-120,ok,,Introduction to Trucking
A25620,Supply Chain Management,TRD,2026,66.0,Other Major Requirements MAJ Other Required Courses,major_choice,WBL111,1,A25620::MAJ Other Req Course Pick,5.0,2026_POS_Reduced.xlsx,541,S23794 WBL-111,ok,,Work-Based Learning I
A25620,Supply Chain Management,TRD,2026,66.0,Other Major Requirements MAJ Other Required Courses,major_choice,WBL112,2,A25620::MAJ Other Req Course Pick,5.0,2026_POS_Reduced.xlsx,542,S23795 WBL-112,ok,,Work-Based Learning I
A25620,Supply Chain Management,TRD,2026,66.0,Other Major Requirements MAJ Other Required Courses,major_choice,WBL113,3,A25620::MAJ Other Req Course Pick,5.0,2026_POS_Reduced.xlsx,543,S23797 WBL-113,ok,,Work-Based Learning I
A25620,Supply Chain Management,TRD,2026,66.0,Other Major Requirements MAJ Other Required Courses,major_choice,WBL121,1,A25620::MAJ Other Req Course Pick,5.0,2026_POS_Reduced.xlsx,545,S23800 WBL-121,ok,,
A25620,Supply Chain Management,TRD,2026,66.0,Other Major Requirements MAJ Other Required Courses,major_choice,WBL122,2,A25620::MAJ Other Req Course Pick,5.0,2026_POS_Reduced.xlsx,546,S23801 WBL-122,ok,,
A25620,Supply Chain Management,TRD,2026,66.0,Other Major Requirements MAJ Other Required Courses,major_choice,WBL131,1,A25620::MAJ Other Req Course Pick,5.0,2026_POS_Reduced.xlsx,547,S23805 WBL-131,ok,,
A25620,Supply Chain Management,TRD,2026,66.0,Other Major Requirements MAJ Other Required Courses,major_choice,ACA120,1,A25620::MAJ Other Req ACA Pick,1.0,2026_POS_Reduced.xlsx,549,From S12380 ACA-120,ok,,
A25620,Supply Chain Management,TRD,2026,66.0,Other Major Requirements MAJ Other Required Courses,major_choice,ACA122,1,A25620::MAJ Other Req ACA Pick,1.0,2026_POS_Reduced.xlsx,550,S26592 ACA-122,ok,,
A25800,Accounting and Finance,TRD,2026,66.0,General Education Requirements,general_education_choice,ENG111,3,,3.0,2026_POS_Reduced.xlsx,554,From S26393 ENG-111,ok,,Writing and Inquiry
A25800,Accounting and Finance,TRD,2026,66.0,General Education Requirements,general_education_choice,COM120,3,A25800::GE Required COM/ENG Pick,3.0,2026_POS_Reduced.xlsx,556,From S21722 COM-120,ok,,Intro Interpersonal Com
A25800,Accounting and Finance,TRD,2026,66.0,General Education Requirements,general_education_choice,COM231,3,A25800::GE Required COM/ENG Pick,3.0,2026_POS_Reduced.xlsx,557,S12601 COM-231,ok,,Public Speaking
A25800,Accounting and Finance,TRD,2026,66.0,General Education Requirements,general_education_choice,ENG114,3,A25800::GE Required COM/ENG Pick,3.0,2026_POS_Reduced.xlsx,558,S13706 ENG-114,ok,,Prof Research & Reporting
A25800,Accounting and Finance,TRD,2026,66.0,General Education Requirements,general_education_choice,MAT143,3,A25800::GE Required Math Pick,3.0,2026_POS_Reduced.xlsx,560,From S26401 MAT-143,ok,,Quantitative Literacy
A25800,Accounting and Finance,TRD,2026,66.0,General Education Requirements,general_education_choice,MAT152,4,A25800::GE Required Math Pick,3.0,2026_POS_Reduced.xlsx,561,S26402 MAT-152,ok,,Statistical Methods I
A25800,Accounting and Finance,TRD,2026,66.0,General Education Requirements,general_education_choice,HUM110,3,A25800::HUM/FINE Arts Pick,3.0,2026_POS_Reduced.xlsx,563,> Take From 3 credits S14059 HUM-110,ok,,Technology and Society
A25800,Accounting and Finance,TRD,2026,66.0,General Education Requirements,general_education_choice,HUM115,3,A25800::HUM/FINE Arts Pick,3.0,2026_POS_Reduced.xlsx,564,S26396 HUM-115,ok,,Critical Thinking
A25800,Accounting and Finance,TRD,2026,66.0,General Education Requirements,general_education_choice,HUM230,3,A25800::HUM/FINE Arts Pick,3.0,2026_POS_Reduced.xlsx,565,S11154 HUM-230,ok,,Leadership Development
A25800,Accounting and Finance,TRD,2026,66.0,General Education Requirements,general_education_choice,PHI240,3,A25800::HUM/FINE Arts Pick,3.0,2026_POS_Reduced.xlsx,566,S24029 PHI-240,ok,,Introduction to Ethics
A25800,Accounting and Finance,TRD,2026,66.0,General Education Requirements,general_education_choice,ECO251,3,A25800::Take From SCI Pick,3.0,2026_POS_Reduced.xlsx,567,SOC/BEHAV > Take From SCI Pick 3 credits S11774 ECO-251,ok,,Prin of Microeconomics
A25800,Accounting and Finance,TRD,2026,66.0,General Education Requirements,general_education_choice,PSY118,3,A25800::Take From SCI Pick,3.0,2026_POS_Reduced.xlsx,568,S11025 PSY-118,ok,,Interpersonal Psychology
A25800,Accounting and Finance,TRD,2026,66.0,General Education Requirements,general_education_choice,PSY150,3,A25800::Take From SCI Pick,3.0,2026_POS_Reduced.xlsx,569,S10777 PSY-150,ok,,General Psychology
A25800,Accounting and Finance,TRD,2026,66.0,Major Requirements,major_required,ACC120,4,A25800::Required Courses,19.0,2026_POS_Reduced.xlsx,571,From S20278 ACC-120,ok,,Prin of Financial Accounting
A25800,Accounting and Finance,TRD,2026,66.0,Major Requirements,major_required,ACC121,4,A25800::Required Courses,19.0,2026_POS_Reduced.xlsx,572,S20282 ACC-121,ok,,Prin of Managerial Accounting
A25800,Accounting and Finance,TRD,2026,66.0,Major Requirements,major_required,ACC149,2,A25800::Required Courses,19.0,2026_POS_Reduced.xlsx,573,S24973 ACC-149,ok,,Intro to ACC Spreadsheets
A25800,Accounting and Finance,TRD,2026,66.0,Major Requirements,major_required,BUS115,3,A25800::Required Courses,19.0,2026_POS_Reduced.xlsx,574,S24153 BUS-115,ok,,Business Law I
A25800,Accounting and Finance,TRD,2026,66.0,Major Requirements,major_required,BUS225,3,A25800::Required Courses,19.0,2026_POS_Reduced.xlsx,575,S26196 BUS-225,ok,,Business Finance
A25800,Accounting and Finance,TRD,2026,66.0,Major Requirements,major_required,ECO252,3,A25800::Required Courses,19.0,2026_POS_Reduced.xlsx,576,S11710 ECO-252,ok,,Prin of Macroeconomics
A25800,Accounting and Finance,TRD,2026,66.0,Major Requirements,major_choice,CIS110,3,A25800::MAJ REquired Comp App Pick,2.0,2026_POS_Reduced.xlsx,578,From S21058 CIS-110,ok,,Introduction to Computers
A25800,Accounting and Finance,TRD,2026,66.0,Major Requirements,major_choice,CIS111,2,A25800::MAJ REquired Comp App Pick,2.0,2026_POS_Reduced.xlsx,579,S21059 CIS-111,ok,,Basic PC Literacy
A25800,Accounting and Finance,TRD,2026,66.0,Major Requirements,major_choice,OST137,3,A25800::MAJ REquired Comp App Pick,2.0,2026_POS_Reduced.xlsx,580,S26555 OST-137,ok,,Office Applications I
A25800,Accounting and Finance,TRD,2026,66.0,Concentration Requirements,unresolved,ACC130,3,,9.0,2026_POS_Reduced.xlsx,583,From S20277 ACC-130,manual_review,"Required vs. choice status could not be determined safely from the source structure (no recognized ""...Pick""/""...Courses"" label for this requirement)",
A25800,Accounting and Finance,TRD,2026,66.0,Concentration Requirements,unresolved,ACC140,2,,9.0,2026_POS_Reduced.xlsx,584,S24972 ACC-140,manual_review,"Required vs. choice status could not be determined safely from the source structure (no recognized ""...Pick""/""...Courses"" label for this requirement)",
A25800,Accounting and Finance,TRD,2026,66.0,Concentration Requirements,unresolved,ACC220,4,,9.0,2026_POS_Reduced.xlsx,585,S20836 ACC-220,manual_review,"Required vs. choice status could not be determined safely from the source structure (no recognized ""...Pick""/""...Courses"" label for this requirement)",
A25800,Accounting and Finance,TRD,2026,66.0,Concentration Requirements,unresolved,BAF143,3,,9.0,2026_POS_Reduced.xlsx,586,Financial Services > Take 9 credits From S13055 BAF-143 1997SU Financial Planning 3.00 0.00 0.00 3.00,manual_review,"Required vs. choice status could not be determined safely from the source structure (no recognized ""...Pick""/""...Courses"" label for this requirement)",Financial Planning
A25800,Accounting and Finance,TRD,2026,66.0,Concentration Requirements,unresolved,BUS125,3,,9.0,2026_POS_Reduced.xlsx,588,S14300 BUS-125,manual_review,"Required vs. choice status could not be determined safely from the source structure (no recognized ""...Pick""/""...Courses"" label for this requirement)",Personal Finance
A25800,Accounting and Finance,TRD,2026,66.0,Concentration Requirements,unresolved,BUS147,3,,9.0,2026_POS_Reduced.xlsx,589,S13591 BUS-147,manual_review,"Required vs. choice status could not be determined safely from the source structure (no recognized ""...Pick""/""...Courses"" label for this requirement)",Business Insurance
A25800,Accounting and Finance,TRD,2026,66.0,Other Major Requirements MAJ Other Required Pick,major_choice,ACC129,3,A25800::Other Major Requirements MAJ Other Required Pick,20.0,2026_POS_Reduced.xlsx,590,4) Other Major Requirements MAJ Other Required Pick > Take 20 credits From S20283 ACC-129,ok,,Individual Income Taxes
A25800,Accounting and Finance,TRD,2026,66.0,Other Major Requirements MAJ Other Required Pick,major_choice,ACC132,2,A25800::Other Major Requirements MAJ Other Required Pick,20.0,2026_POS_Reduced.xlsx,591,S24971 ACC-132,ok,,NC Business Taxes
A25800,Accounting and Finance,TRD,2026,66.0,Other Major Requirements MAJ Other Required Pick,major_choice,ACC150,2,A25800::Other Major Requirements MAJ Other Required Pick,20.0,2026_POS_Reduced.xlsx,592,S24974 ACC-150,ok,,Accounting Software Appl
A25800,Accounting and Finance,TRD,2026,66.0,Other Major Requirements MAJ Other Required Pick,major_choice,ACC151,2,A25800::Other Major Requirements MAJ Other Required Pick,20.0,2026_POS_Reduced.xlsx,593,S24975 ACC-151,ok,,Acct Spreadsheet Appl
A25800,Accounting and Finance,TRD,2026,66.0,Other Major Requirements MAJ Other Required Pick,major_choice,ACC180,3,A25800::Other Major Requirements MAJ Other Required Pick,20.0,2026_POS_Reduced.xlsx,594,S20288 ACC-180,ok,,Practices in Bookkeeping
A25800,Accounting and Finance,TRD,2026,66.0,Other Major Requirements MAJ Other Required Pick,major_choice,ACC221,4,A25800::Other Major Requirements MAJ Other Required Pick,20.0,2026_POS_Reduced.xlsx,595,S10687 ACC-221,ok,,Intermediate Acct II
A25800,Accounting and Finance,TRD,2026,66.0,Other Major Requirements MAJ Other Required Pick,major_choice,ACC225,3,A25800::Other Major Requirements MAJ Other Required Pick,20.0,2026_POS_Reduced.xlsx,596,S10695 ACC-225,ok,,Cost Accounting
A25800,Accounting and Finance,TRD,2026,66.0,Other Major Requirements MAJ Other Required Pick,major_choice,ACC226,3,A25800::Other Major Requirements MAJ Other Required Pick,20.0,2026_POS_Reduced.xlsx,597,S20273 ACC-226,ok,,Advanced Managerial Accounting
A25800,Accounting and Finance,TRD,2026,66.0,Other Major Requirements MAJ Other Required Pick,major_choice,ACC240,3,A25800::Other Major Requirements MAJ Other Required Pick,20.0,2026_POS_Reduced.xlsx,598,S10622 ACC-240,ok,,Gov & Not-For-Profit Acct
A25800,Accounting and Finance,TRD,2026,66.0,Other Major Requirements MAJ Other Required Pick,major_choice,ACC269,3,A25800::Other Major Requirements MAJ Other Required Pick,20.0,2026_POS_Reduced.xlsx,599,S20271 ACC-269,ok,,Auditing & Assurance Services
A25800,Accounting and Finance,TRD,2026,66.0,Other Major Requirements MAJ Other Required Pick,major_choice,BAF110,3,A25800::Other Major Requirements MAJ Other Required Pick,20.0,2026_POS_Reduced.xlsx,600,S24131 BAF-110,ok,,Principles of Banking
A25800,Accounting and Finance,TRD,2026,66.0,Other Major Requirements MAJ Other Required Pick,major_choice,BAS120,3,A25800::Other Major Requirements MAJ Other Required Pick,20.0,2026_POS_Reduced.xlsx,601,S24318 BAS-120,ok,,Intro to Analytics
A25800,Accounting and Finance,TRD,2026,66.0,Other Major Requirements MAJ Other Required Pick,major_choice,BAS121,3,A25800::Other Major Requirements MAJ Other Required Pick,20.0,2026_POS_Reduced.xlsx,602,S24319 BAS-121,ok,,Data Visualization
A25800,Accounting and Finance,TRD,2026,66.0,Other Major Requirements MAJ Other Required Pick,major_choice,BUS110,3,A25800::Other Major Requirements MAJ Other Required Pick,20.0,2026_POS_Reduced.xlsx,603,S24149 BUS-110,ok,,Introduction to Business
A25800,Accounting and Finance,TRD,2026,66.0,Other Major Requirements MAJ Other Required Pick,major_choice,BUS116,3,A25800::Other Major Requirements MAJ Other Required Pick,20.0,2026_POS_Reduced.xlsx,604,S24150 BUS-116,ok,,Business Law II
A25800,Accounting and Finance,TRD,2026,66.0,Other Major Requirements MAJ Other Required Pick,major_choice,BUS125,3,A25800::Other Major Requirements MAJ Other Required Pick,20.0,2026_POS_Reduced.xlsx,605,S14300 BUS-125,ok,,Personal Finance
A25800,Accounting and Finance,TRD,2026,66.0,Other Major Requirements MAJ Other Required Pick,major_choice,BUS135,3,A25800::Other Major Requirements MAJ Other Required Pick,20.0,2026_POS_Reduced.xlsx,606,S12738 BUS-135,ok,,Principles of Supervision
A25800,Accounting and Finance,TRD,2026,66.0,Other Major Requirements MAJ Other Required Pick,major_choice,BUS137,3,A25800::Other Major Requirements MAJ Other Required Pick,20.0,2026_POS_Reduced.xlsx,607,S24151 BUS-137,ok,,Principles of Management
A25800,Accounting and Finance,TRD,2026,66.0,Other Major Requirements MAJ Other Required Pick,major_choice,BUS148,3,A25800::Other Major Requirements MAJ Other Required Pick,20.0,2026_POS_Reduced.xlsx,608,S13628 BUS-148,ok,,Survey of Real Estate
A25800,Accounting and Finance,TRD,2026,66.0,Other Major Requirements MAJ Other Required Pick,major_choice,BUS228,3,A25800::Other Major Requirements MAJ Other Required Pick,20.0,2026_POS_Reduced.xlsx,609,S23950 BUS-228,ok,,Business Statistics
A25800,Accounting and Finance,TRD,2026,66.0,Other Major Requirements MAJ Other Required Pick,major_choice,BUS230,3,A25800::Other Major Requirements MAJ Other Required Pick,20.0,2026_POS_Reduced.xlsx,610,S11937 BUS-230,ok,,Small Business Management
A25800,Accounting and Finance,TRD,2026,66.0,Other Major Requirements MAJ Other Required Pick,major_choice,BUS240,3,A25800::Other Major Requirements MAJ Other Required Pick,20.0,2026_POS_Reduced.xlsx,611,S14002 BUS-240,ok,,Business Ethics
A25800,Accounting and Finance,TRD,2026,66.0,Other Major Requirements MAJ Other Required Pick,major_choice,BUS255,3,A25800::Other Major Requirements MAJ Other Required Pick,20.0,2026_POS_Reduced.xlsx,612,S13334 BUS-255,ok,,Org Behavior in Business
A25800,Accounting and Finance,TRD,2026,66.0,Other Major Requirements MAJ Other Required Pick,major_choice,BUS258,3,A25800::Other Major Requirements MAJ Other Required Pick,20.0,2026_POS_Reduced.xlsx,613,S24157 BUS-258,ok,,Compensation and Benefits
A25800,Accounting and Finance,TRD,2026,66.0,Other Major Requirements MAJ Other Required Pick,major_choice,BUS260,3,A25800::Other Major Requirements MAJ Other Required Pick,20.0,2026_POS_Reduced.xlsx,614,S23621 BUS-260,ok,,Business Communication
A25800,Accounting and Finance,TRD,2026,66.0,Other Major Requirements MAJ Other Required Pick,major_choice,ETR240,3,A25800::Other Major Requirements MAJ Other Required Pick,20.0,2026_POS_Reduced.xlsx,615,S22101 ETR-240,ok,,Funding for Entrepreneurs
A25800,Accounting and Finance,TRD,2026,66.0,Other Major Requirements MAJ Other Required Pick,major_choice,MKT120,3,A25800::Other Major Requirements MAJ Other Required Pick,20.0,2026_POS_Reduced.xlsx,616,S24159 MKT-120,ok,,Principles of Marketing
A25800,Accounting and Finance,TRD,2026,66.0,Other Major Requirements MAJ Other Required Pick,major_choice,MKT123,3,A25800::Other Major Requirements MAJ Other Required Pick,20.0,2026_POS_Reduced.xlsx,617,S24160 MKT-123,ok,,Fundamentals of Selling
A25800,Accounting and Finance,TRD,2026,66.0,Other Major Requirements MAJ Other Required Pick,major_choice,MKT223,3,A25800::Other Major Requirements MAJ Other Required Pick,20.0,2026_POS_Reduced.xlsx,618,S26218 MKT-223,ok,,Customer Experience
A25800,Accounting and Finance,TRD,2026,66.0,Other Major Requirements MAJ Other Required Pick,major_choice,MKT232,3,A25800::Other Major Requirements MAJ Other Required Pick,20.0,2026_POS_Reduced.xlsx,619,S26219 MKT-232,ok,,Social Media Marketing
A25800,Accounting and Finance,TRD,2026,66.0,Other Major Requirements MAJ Other Required Pick,major_choice,OST286,3,A25800::Other Major Requirements MAJ Other Required Pick,20.0,2026_POS_Reduced.xlsx,620,S16501 OST-286,ok,,Professional Development
A25800,Accounting and Finance,TRD,2026,66.0,Other Major Requirements MAJ Other Required Pick,major_choice,WBL111,1,A25800::Other Major Requirements MAJ Other Required Pick,20.0,2026_POS_Reduced.xlsx,621,S23794 WBL-111,ok,,Work-Based Learning I
A25800,Accounting and Finance,TRD,2026,66.0,Other Major Requirements MAJ Other Required Pick,major_choice,WBL112,2,A25800::Other Major Requirements MAJ Other Required Pick,20.0,2026_POS_Reduced.xlsx,622,S23795 WBL-112,ok,,Work-Based Learning I
A25800,Accounting and Finance,TRD,2026,66.0,Other Major Requirements MAJ Other Required Pick,major_choice,WBL121,1,A25800::Other Major Requirements MAJ Other Required Pick,20.0,2026_POS_Reduced.xlsx,623,S23800 WBL-121,ok,,Work-Based Learning II
A25800,Accounting and Finance,TRD,2026,66.0,Other Major Requirements MAJ Other Required Pick,major_choice,WBL122,2,A25800::Other Major Requirements MAJ Other Required Pick,20.0,2026_POS_Reduced.xlsx,624,S23801 WBL-122,ok,,Work-Based Learning II
A25800,Accounting and Finance,TRD,2026,66.0,Other Major Requirements MAJ Other Required Pick,major_choice,WBL131,1,A25800::Other Major Requirements MAJ Other Required Pick,20.0,2026_POS_Reduced.xlsx,625,S23805 WBL-131,ok,,Work-Based Learning III
A25800,Accounting and Finance,TRD,2026,66.0,Other Major Requirements MAJ Other Required Pick,major_choice,WBL132,2,A25800::Other Major Requirements MAJ Other Required Pick,20.0,2026_POS_Reduced.xlsx,626,S23806 WBL-132,ok,,Work-Based Learning III
A25800,Accounting and Finance,TRD,2026,66.0,Other Major Requirements MAJ Other Required Pick,major_choice,ACA120,1,A25800::MAJOT Required ACA Pick,1.0,2026_POS_Reduced.xlsx,627,MAJOT Required ACA Pick > Take 1 credit From S12380 ACA-120 1997SU Career Assessment 1.00 0.00 0.00 1.00,ok,,Career Assessment
A25800,Accounting and Finance,TRD,2026,66.0,Other Major Requirements MAJ Other Required Pick,major_choice,ACA122,1,A25800::MAJOT Required ACA Pick,1.0,2026_POS_Reduced.xlsx,628,S26592 ACA-122 2025FA Transfer & Career Success 0.00 2.00 0.00 1.00 (66.00),ok,,Transfer & Career Success
A30100,Graphic Design,TRD,2026,69.0,General Education Requirements,general_education_choice,ART111,3,A30100::GE Required HUM Pick,3.0,2026_POS_Reduced.xlsx,632,From S10139 ART-111,ok,,Art Appreciation
A30100,Graphic Design,TRD,2026,69.0,General Education Requirements,general_education_choice,ART114,3,A30100::GE Required HUM Pick,3.0,2026_POS_Reduced.xlsx,633,S10200 ART-114,ok,,Art History Survey I
A30100,Graphic Design,TRD,2026,69.0,General Education Requirements,general_education_choice,HUM110,3,A30100::GE Required HUM Pick,3.0,2026_POS_Reduced.xlsx,634,S14059 HUM-110,ok,,Technology and Society
A30100,Graphic Design,TRD,2026,69.0,General Education Requirements,general_education_choice,HUM115,3,A30100::GE Required HUM Pick,3.0,2026_POS_Reduced.xlsx,635,S26396 HUM-115,ok,,Critical Thinking
A30100,Graphic Design,TRD,2026,69.0,General Education Requirements,general_education_choice,HUM160,3,A30100::GE Required HUM Pick,3.0,2026_POS_Reduced.xlsx,636,S16395 HUM-160,ok,,Introduction to Film
A30100,Graphic Design,TRD,2026,69.0,General Education Requirements,general_education_choice,HUM230,3,A30100::GE Required HUM Pick,3.0,2026_POS_Reduced.xlsx,637,S11154 HUM-230,ok,,Leadership Development
A30100,Graphic Design,TRD,2026,69.0,General Education Requirements,general_education_choice,MUS110,3,A30100::GE Required HUM Pick,3.0,2026_POS_Reduced.xlsx,638,S13676 MUS-110,ok,,Music Appreciation
A30100,Graphic Design,TRD,2026,69.0,General Education Requirements,general_education_choice,COM120,3,A30100::GE Required COM Pick,3.0,2026_POS_Reduced.xlsx,639,GE Required COM Pick > Take 3 credits From S21722 COM-120,ok,,Intro Interpersonal Com
A30100,Graphic Design,TRD,2026,69.0,General Education Requirements,general_education_choice,COM231,3,A30100::GE Required COM Pick,3.0,2026_POS_Reduced.xlsx,640,S12601 COM-231,ok,,Public Speaking
A30100,Graphic Design,TRD,2026,69.0,General Education Requirements,general_education_choice,ENG110,3,A30100::GE Req ENG Pick,3.0,2026_POS_Reduced.xlsx,641,GE Req ENG Pick > Take 3 credits From S26392 ENG-110,ok,,Freshman Composition
A30100,Graphic Design,TRD,2026,69.0,General Education Requirements,general_education_choice,ENG111,3,A30100::GE Req ENG Pick,3.0,2026_POS_Reduced.xlsx,642,S26393 ENG-111,ok,,Writing and Inquiry
A30100,Graphic Design,TRD,2026,69.0,General Education Requirements,general_education_choice,MAT110,3,A30100::GE Required MAT Pick,3.0,2026_POS_Reduced.xlsx,643,GE Required MAT Pick > Take 3 credits From S26398 MAT-110,ok,,Math Measurement & Literacy
A30100,Graphic Design,TRD,2026,69.0,General Education Requirements,general_education_choice,MAT143,3,A30100::GE Required MAT Pick,3.0,2026_POS_Reduced.xlsx,644,S26401 MAT-143,ok,,Quantitative Literacy
A30100,Graphic Design,TRD,2026,69.0,General Education Requirements,general_education_choice,MAT152,4,A30100::GE Required MAT Pick,3.0,2026_POS_Reduced.xlsx,645,S26402 MAT-152,ok,,Statistical Methods I
A30100,Graphic Design,TRD,2026,69.0,General Education Requirements,general_education_choice,MAT171,4,A30100::GE Required MAT Pick,3.0,2026_POS_Reduced.xlsx,646,S26403 MAT-171,ok,,Precalculus Algebra
A30100,Graphic Design,TRD,2026,69.0,General Education Requirements,general_education_choice,ECO151,3,A30100::SOC/BEHAVE SCI Pick,3.0,2026_POS_Reduced.xlsx,648,> Take From 3 credits S13257 ECO-151,ok,,Survey of Economics
A30100,Graphic Design,TRD,2026,69.0,General Education Requirements,general_education_choice,ECO251,3,A30100::SOC/BEHAVE SCI Pick,3.0,2026_POS_Reduced.xlsx,649,S11774 ECO-251,ok,,Prin of Microeconomics
A30100,Graphic Design,TRD,2026,69.0,General Education Requirements,general_education_choice,HIS111,3,A30100::SOC/BEHAVE SCI Pick,3.0,2026_POS_Reduced.xlsx,650,S10799 HIS-111,ok,,World Civilizations I
A30100,Graphic Design,TRD,2026,69.0,General Education Requirements,general_education_choice,HIS121,3,A30100::SOC/BEHAVE SCI Pick,3.0,2026_POS_Reduced.xlsx,651,S13000 HIS-121,ok,,Western Civilization I
A30100,Graphic Design,TRD,2026,69.0,General Education Requirements,general_education_choice,POL120,3,A30100::SOC/BEHAVE SCI Pick,3.0,2026_POS_Reduced.xlsx,652,S24030 POL-120,ok,,American Government
A30100,Graphic Design,TRD,2026,69.0,General Education Requirements,general_education_choice,PSY118,3,A30100::SOC/BEHAVE SCI Pick,3.0,2026_POS_Reduced.xlsx,653,S11025 PSY-118,ok,,Interpersonal Psychology
A30100,Graphic Design,TRD,2026,69.0,General Education Requirements,general_education_choice,PSY150,3,A30100::SOC/BEHAVE SCI Pick,3.0,2026_POS_Reduced.xlsx,654,S10777 PSY-150,ok,,General Psychology
A30100,Graphic Design,TRD,2026,69.0,Major Requirements,major_required,GRD110,3,A30100::MAJ Required Courses,7.0,2026_POS_Reduced.xlsx,656,From S25910 GRD-110,ok,,Typography I
A30100,Graphic Design,TRD,2026,69.0,Major Requirements,major_required,GRD280,4,A30100::MAJ Required Courses,7.0,2026_POS_Reduced.xlsx,657,S26216 GRD-280,ok,,Portfolio Design
A30100,Graphic Design,TRD,2026,69.0,Major Requirements,major_choice,GRD154,3,A30100::MAJ Req Computer Pick,6.0,2026_POS_Reduced.xlsx,659,From S26230 GRD-154,ok,,Vector Imaging Software
A30100,Graphic Design,TRD,2026,69.0,Major Requirements,major_choice,GRD155,3,A30100::MAJ Req Computer Pick,6.0,2026_POS_Reduced.xlsx,660,S26231 GRD-155,ok,,Publication Design
A30100,Graphic Design,TRD,2026,69.0,Major Requirements,major_choice,GRD141,4,A30100::MAJ Req Computer Pick,12.0,2026_POS_Reduced.xlsx,662,From S26201 GRD-141,ok,,Graphic Design I
A30100,Graphic Design,TRD,2026,69.0,Major Requirements,major_choice,GRD142,4,A30100::MAJ Req Computer Pick,12.0,2026_POS_Reduced.xlsx,663,S26202 GRD-142,ok,,Graphic Design II
A30100,Graphic Design,TRD,2026,69.0,Major Requirements,major_choice,GRD241,4,A30100::MAJ Req Computer Pick,12.0,2026_POS_Reduced.xlsx,664,S26210 GRD-241,ok,,Graphic Design III
A30100,Graphic Design,TRD,2026,69.0,Other Major Requirements,major_required,GRD121,2,A30100::Take Req Courses,23.0,2026_POS_Reduced.xlsx,668,From S26197 GRD-121,ok,,Drawing Fundamentals I
A30100,Graphic Design,TRD,2026,69.0,Other Major Requirements,major_required,GRD131,3,A30100::Take Req Courses,23.0,2026_POS_Reduced.xlsx,669,S26198 GRD-131,ok,,Illustration I
A30100,Graphic Design,TRD,2026,69.0,Other Major Requirements,major_required,GRD159,3,A30100::Take Req Courses,23.0,2026_POS_Reduced.xlsx,670,S26232 GRD-159,ok,,Raster Imaging Applications
A30100,Graphic Design,TRD,2026,69.0,Other Major Requirements,major_required,GRD180,3,A30100::Take Req Courses,23.0,2026_POS_Reduced.xlsx,671,S26588 GRD-180,ok,,Interactive Design
A30100,Graphic Design,TRD,2026,69.0,Other Major Requirements,major_required,GRD188,3,A30100::Take Req Courses,23.0,2026_POS_Reduced.xlsx,672,S25612 GRD-188,ok,,Graphic Design for Web I
A30100,Graphic Design,TRD,2026,69.0,Other Major Requirements,major_required,GRD242,4,A30100::Take Req Courses,23.0,2026_POS_Reduced.xlsx,673,S26211 GRD-242,ok,,Graphic Design IV
A30100,Graphic Design,TRD,2026,69.0,Other Major Requirements,major_required,GRD265,3,A30100::Take Req Courses,23.0,2026_POS_Reduced.xlsx,674,S26213 GRD-265,ok,,Digital Print Production
A30100,Graphic Design,TRD,2026,69.0,Other Major Requirements,major_required,GRD282,2,A30100::Take Req Courses,23.0,2026_POS_Reduced.xlsx,675,S25731 GRD-282,ok,,Advertising Copywriting
A30100,Graphic Design,TRD,2026,69.0,Other Major Requirements,major_choice,ART131,3,A30100::Take From Req Pick,5.0,2026_POS_Reduced.xlsx,676,MAJ Other > Take From Req Pick 5 credits S10812 ART-131,ok,,Drawing I
A30100,Graphic Design,TRD,2026,69.0,Other Major Requirements,major_choice,ART132,3,A30100::Take From Req Pick,5.0,2026_POS_Reduced.xlsx,677,S10831 ART-132,ok,,Drawing II
A30100,Graphic Design,TRD,2026,69.0,Other Major Requirements,major_choice,ART288,3,A30100::Take From Req Pick,5.0,2026_POS_Reduced.xlsx,678,S12053 ART-288,ok,,Studio
A30100,Graphic Design,TRD,2026,69.0,Other Major Requirements,major_choice,BUS115,3,A30100::Take From Req Pick,5.0,2026_POS_Reduced.xlsx,679,S24153 BUS-115,ok,,Business Law I
A30100,Graphic Design,TRD,2026,69.0,Other Major Requirements,major_choice,CSC113,3,A30100::Take From Req Pick,5.0,2026_POS_Reduced.xlsx,680,S26510 CSC-113,ok,,Artificial Intel. Fundamentals
A30100,Graphic Design,TRD,2026,69.0,Other Major Requirements,major_choice,CSC114,3,A30100::Take From Req Pick,5.0,2026_POS_Reduced.xlsx,681,S25540 CSC-114,ok,,Artificial Intelligence I
A30100,Graphic Design,TRD,2026,69.0,Other Major Requirements,major_choice,DEA111,3,A30100::Take From Req Pick,5.0,2026_POS_Reduced.xlsx,682,S10024 DEA-111,ok,,Introduction to DEAT
A30100,Graphic Design,TRD,2026,69.0,Other Major Requirements,major_choice,DEA112,3,A30100::Take From Req Pick,5.0,2026_POS_Reduced.xlsx,683,S10096 DEA-112,ok,,2D Design and Animation I
A30100,Graphic Design,TRD,2026,69.0,Other Major Requirements,major_choice,DEA212,3,A30100::Take From Req Pick,5.0,2026_POS_Reduced.xlsx,684,S10818 DEA-212,ok,,2D Design & Animation II
A30100,Graphic Design,TRD,2026,69.0,Other Major Requirements,major_choice,DEA213,3,A30100::Take From Req Pick,5.0,2026_POS_Reduced.xlsx,685,S10837 DEA-213,ok,,3D Design and Animation I
A30100,Graphic Design,TRD,2026,69.0,Other Major Requirements,major_choice,DME110,3,A30100::Take From Req Pick,5.0,2026_POS_Reduced.xlsx,686,S20550 DME-110,ok,,Intro to Digital Media
A30100,Graphic Design,TRD,2026,69.0,Other Major Requirements,major_choice,DME111,3,A30100::Take From Req Pick,5.0,2026_POS_Reduced.xlsx,687,S25623 DME-111,ok,,Content Strategy
A30100,Graphic Design,TRD,2026,69.0,Other Major Requirements,major_choice,DME115,3,A30100::Take From Req Pick,5.0,2026_POS_Reduced.xlsx,688,S26514 DME-115,ok,,Digital Media Tools
A30100,Graphic Design,TRD,2026,69.0,Other Major Requirements,major_choice,DME120,3,A30100::Take From Req Pick,5.0,2026_POS_Reduced.xlsx,689,S26515 DME-120,ok,,Intro to Multimedia
A30100,Graphic Design,TRD,2026,69.0,Other Major Requirements,major_choice,DME130,3,A30100::Take From Req Pick,5.0,2026_POS_Reduced.xlsx,690,S26516 DME-130,ok,,Digital Animation I
A30100,Graphic Design,TRD,2026,69.0,Other Major Requirements,major_choice,DME140,3,A30100::Take From Req Pick,5.0,2026_POS_Reduced.xlsx,691,S25872 DME-140,ok,,Intro to Audio/Video Media
A30100,Graphic Design,TRD,2026,69.0,Other Major Requirements,major_choice,DME210,3,A30100::Take From Req Pick,5.0,2026_POS_Reduced.xlsx,692,S25332 DME-210,ok,,User Interface Design
A30100,Graphic Design,TRD,2026,69.0,Other Major Requirements,major_choice,DME230,3,A30100::Take From Req Pick,5.0,2026_POS_Reduced.xlsx,693,S20557 DME-230,ok,,Digital Animation II
A30100,Graphic Design,TRD,2026,69.0,Other Major Requirements,major_choice,GRD132,3,A30100::Take From Req Pick,5.0,2026_POS_Reduced.xlsx,694,S26199 GRD-132,ok,,Illustration II
A30100,Graphic Design,TRD,2026,69.0,Other Major Requirements,major_choice,GRD133,3,A30100::Take From Req Pick,5.0,2026_POS_Reduced.xlsx,695,S26200 GRD-133,ok,,Illustration III
A30100,Graphic Design,TRD,2026,69.0,Other Major Requirements,major_choice,GRD167,3,A30100::Take From Req Pick,5.0,2026_POS_Reduced.xlsx,696,S26208 GRD-167,ok,,Digital Photography I
A30100,Graphic Design,TRD,2026,69.0,Other Major Requirements,major_choice,GRD168,3,A30100::Take From Req Pick,5.0,2026_POS_Reduced.xlsx,697,S26209 GRD-168,ok,,Digital Photography II
A30100,Graphic Design,TRD,2026,69.0,Other Major Requirements,major_choice,GRD263,3,A30100::Take From Req Pick,5.0,2026_POS_Reduced.xlsx,698,S26212 GRD-263,ok,,Digital Image Editing
A30100,Graphic Design,TRD,2026,69.0,Other Major Requirements,major_choice,MKT120,3,A30100::Take From Req Pick,5.0,2026_POS_Reduced.xlsx,699,S24159 MKT-120,ok,,Principles of Marketing
A30100,Graphic Design,TRD,2026,69.0,Other Major Requirements,major_choice,MKT122,3,A30100::Take From Req Pick,5.0,2026_POS_Reduced.xlsx,700,S12588 MKT-122,ok,,Visual Merchandising
A30100,Graphic Design,TRD,2026,69.0,Other Major Requirements,major_choice,MKT220,3,A30100::Take From Req Pick,5.0,2026_POS_Reduced.xlsx,701,S24161 MKT-220,ok,,Advertising and Sales Promotio
A30100,Graphic Design,TRD,2026,69.0,Other Major Requirements,major_choice,MKT232,3,A30100::Take From Req Pick,5.0,2026_POS_Reduced.xlsx,702,S26219 MKT-232,ok,,Social Media Marketing
A30100,Graphic Design,TRD,2026,69.0,Other Major Requirements,major_choice,SGD114,3,A30100::Take From Req Pick,5.0,2026_POS_Reduced.xlsx,703,S25763 SGD-114,ok,,SGD 3D Modeling I
A30100,Graphic Design,TRD,2026,69.0,Other Major Requirements,major_choice,SGD117,3,A30100::Take From Req Pick,5.0,2026_POS_Reduced.xlsx,704,S22248 SGD-117,ok,,Art for Games
A30100,Graphic Design,TRD,2026,69.0,Other Major Requirements,major_choice,SGD162,3,A30100::Take From Req Pick,5.0,2026_POS_Reduced.xlsx,705,S25766 SGD-162,ok,,SGD 3D Animation I
A30100,Graphic Design,TRD,2026,69.0,Other Major Requirements,major_choice,SGD262,3,A30100::Take From Req Pick,5.0,2026_POS_Reduced.xlsx,706,S25324 SGD-262,ok,,SGD 3D Animation II
A30100,Graphic Design,TRD,2026,69.0,Other Major Requirements,major_choice,WEB110,3,A30100::Take From Req Pick,5.0,2026_POS_Reduced.xlsx,707,S25817 WEB-110,ok,,Web Development Fundamentals
A30100,Graphic Design,TRD,2026,69.0,Other Major Requirements,major_choice,WEB213,3,A30100::Take From Req Pick,5.0,2026_POS_Reduced.xlsx,708,S25877 WEB-213,ok,,Internet Mkt & Analytics
A30100,Graphic Design,TRD,2026,69.0,Other Major Requirements,major_choice,WEB214,3,A30100::Take From Req Pick,5.0,2026_POS_Reduced.xlsx,709,S25821 WEB-214,ok,,Social Media
A30100,Graphic Design,TRD,2026,69.0,Other Major Requirements,major_choice,WBL111,1,A30100::Take From Req Pick,5.0,2026_POS_Reduced.xlsx,710,S23794 WBL-111,ok,,
A30100,Graphic Design,TRD,2026,69.0,Other Major Requirements,major_choice,WBL112,2,A30100::Take From Req Pick,5.0,2026_POS_Reduced.xlsx,711,S23795 WBL-112,ok,,
A30100,Graphic Design,TRD,2026,69.0,Other Major Requirements,major_choice,WBL121,1,A30100::Take From Req Pick,5.0,2026_POS_Reduced.xlsx,712,S23800 WBL-121,ok,,
A30100,Graphic Design,TRD,2026,69.0,Other Major Requirements,major_choice,WBL122,2,A30100::Take From Req Pick,5.0,2026_POS_Reduced.xlsx,713,S23801 WBL-122,ok,,
A30100,Graphic Design,TRD,2026,69.0,Other Major Requirements,major_choice,WBL131,1,A30100::Take From Req Pick,5.0,2026_POS_Reduced.xlsx,714,S23805 WBL-131,ok,,
A30100,Graphic Design,TRD,2026,69.0,Other Major Requirements,major_choice,ACA120,1,A30100::MAJ Other Req ACA Pick,1.0,2026_POS_Reduced.xlsx,716,From S12380 ACA-120,ok,,
A30100,Graphic Design,TRD,2026,69.0,Other Major Requirements,major_choice,ACA122,1,A30100::MAJ Other Req ACA Pick,1.0,2026_POS_Reduced.xlsx,717,S26592 ACA-122,ok,,
A35100,"Air Conditioning, Heating & Refrigeration Technology",TRD,2026,69.0,General Education Requirements,general_education_choice,ENG110,3,A35100::GE Required ENG Pick,3.0,2026_POS_Reduced.xlsx,721,From S26392 ENG-110,ok,,Freshman Composition
A35100,"Air Conditioning, Heating & Refrigeration Technology",TRD,2026,69.0,General Education Requirements,general_education_choice,ENG111,3,A35100::GE Required ENG Pick,3.0,2026_POS_Reduced.xlsx,722,S26393 ENG-111,ok,,Writing and Inquiry
A35100,"Air Conditioning, Heating & Refrigeration Technology",TRD,2026,69.0,General Education Requirements,general_education_choice,COM120,3,A35100::GE Required COM Pick,3.0,2026_POS_Reduced.xlsx,724,From S21722 COM-120,ok,,Intro Interpersonal Com
A35100,"Air Conditioning, Heating & Refrigeration Technology",TRD,2026,69.0,General Education Requirements,general_education_choice,COM231,3,A35100::GE Required COM Pick,3.0,2026_POS_Reduced.xlsx,725,S12601 COM-231,ok,,Public Speaking
A35100,"Air Conditioning, Heating & Refrigeration Technology",TRD,2026,69.0,General Education Requirements,general_education_choice,MAT110,3,A35100::GE Required MAT Pick,3.0,2026_POS_Reduced.xlsx,727,From S26398 MAT-110,ok,,Math Measurement &
A35100,"Air Conditioning, Heating & Refrigeration Technology",TRD,2026,69.0,General Education Requirements,general_education_choice,PHY121,4,A35100::GE Required MAT Pick,3.0,2026_POS_Reduced.xlsx,728,S10761 PHY-121,ok,,Applied Physics I
A35100,"Air Conditioning, Heating & Refrigeration Technology",TRD,2026,69.0,General Education Requirements,general_education_choice,ART111,3,A35100::HUM/FINE ARTS PICK,3.0,2026_POS_Reduced.xlsx,731,From S10139 ART-111,ok,,Art Appreciation
A35100,"Air Conditioning, Heating & Refrigeration Technology",TRD,2026,69.0,General Education Requirements,general_education_choice,ART114,3,A35100::HUM/FINE ARTS PICK,3.0,2026_POS_Reduced.xlsx,732,S10200 ART-114,ok,,Art History Survey
A35100,"Air Conditioning, Heating & Refrigeration Technology",TRD,2026,69.0,General Education Requirements,general_education_choice,ART115,3,A35100::HUM/FINE ARTS PICK,3.0,2026_POS_Reduced.xlsx,733,S10149 ART-115,ok,,Art History Survey
A35100,"Air Conditioning, Heating & Refrigeration Technology",TRD,2026,69.0,General Education Requirements,general_education_choice,ART116,3,A35100::HUM/FINE ARTS PICK,3.0,2026_POS_Reduced.xlsx,734,S10174 ART-116,ok,,Survey of American
A35100,"Air Conditioning, Heating & Refrigeration Technology",TRD,2026,69.0,General Education Requirements,general_education_choice,ART117,3,A35100::HUM/FINE ARTS PICK,3.0,2026_POS_Reduced.xlsx,735,S10125 ART-117,ok,,Non-Western Art History
A35100,"Air Conditioning, Heating & Refrigeration Technology",TRD,2026,69.0,General Education Requirements,general_education_choice,ART121,3,A35100::HUM/FINE ARTS PICK,3.0,2026_POS_Reduced.xlsx,736,S23014 ART-121,ok,,Two-Dimensional Design
A35100,"Air Conditioning, Heating & Refrigeration Technology",TRD,2026,69.0,General Education Requirements,general_education_choice,ART131,3,A35100::HUM/FINE ARTS PICK,3.0,2026_POS_Reduced.xlsx,737,S10812 ART-131,ok,,Drawing I
A35100,"Air Conditioning, Heating & Refrigeration Technology",TRD,2026,69.0,General Education Requirements,general_education_choice,ART240,3,A35100::HUM/FINE ARTS PICK,3.0,2026_POS_Reduced.xlsx,738,S11426 ART-240,ok,,Painting I
A35100,"Air Conditioning, Heating & Refrigeration Technology",TRD,2026,69.0,General Education Requirements,general_education_choice,ART241,3,A35100::HUM/FINE ARTS PICK,3.0,2026_POS_Reduced.xlsx,739,S11518 ART-241,ok,,Painting II
A35100,"Air Conditioning, Heating & Refrigeration Technology",TRD,2026,69.0,General Education Requirements,general_education_choice,ART244,3,A35100::HUM/FINE ARTS PICK,3.0,2026_POS_Reduced.xlsx,740,S11425 ART-244,ok,,Watercolor
A35100,"Air Conditioning, Heating & Refrigeration Technology",TRD,2026,69.0,General Education Requirements,general_education_choice,ART171,3,A35100::HUM/FINE ARTS PICK,3.0,2026_POS_Reduced.xlsx,741,S25231 ART-171,ok,,Digital Design I
A35100,"Air Conditioning, Heating & Refrigeration Technology",TRD,2026,69.0,General Education Requirements,general_education_choice,ART281,3,A35100::HUM/FINE ARTS PICK,3.0,2026_POS_Reduced.xlsx,742,S16229 ART-281,ok,,Sculpture I
A35100,"Air Conditioning, Heating & Refrigeration Technology",TRD,2026,69.0,General Education Requirements,general_education_choice,ART283,3,A35100::HUM/FINE ARTS PICK,3.0,2026_POS_Reduced.xlsx,743,S11998 ART-283,ok,,Ceramics I
A35100,"Air Conditioning, Heating & Refrigeration Technology",TRD,2026,69.0,General Education Requirements,general_education_choice,ART288,3,A35100::HUM/FINE ARTS PICK,3.0,2026_POS_Reduced.xlsx,744,S12053 ART-288,ok,,Studio
A35100,"Air Conditioning, Heating & Refrigeration Technology",TRD,2026,69.0,General Education Requirements,general_education_choice,DAN110,3,A35100::HUM/FINE ARTS PICK,3.0,2026_POS_Reduced.xlsx,745,S11905 DAN-110,ok,,Dance Appreciation
A35100,"Air Conditioning, Heating & Refrigeration Technology",TRD,2026,69.0,General Education Requirements,general_education_choice,DRA111,3,A35100::HUM/FINE ARTS PICK,3.0,2026_POS_Reduced.xlsx,746,S11248 DRA-111,ok,,Theatre Appreciation
A35100,"Air Conditioning, Heating & Refrigeration Technology",TRD,2026,69.0,General Education Requirements,general_education_choice,DRA112,3,A35100::HUM/FINE ARTS PICK,3.0,2026_POS_Reduced.xlsx,747,S10971 DRA-112,ok,,Literature of the Theatre
A35100,"Air Conditioning, Heating & Refrigeration Technology",TRD,2026,69.0,General Education Requirements,general_education_choice,DRA115,3,A35100::HUM/FINE ARTS PICK,3.0,2026_POS_Reduced.xlsx,748,S11238 DRA-115,ok,,Theatre Criticism
A35100,"Air Conditioning, Heating & Refrigeration Technology",TRD,2026,69.0,General Education Requirements,general_education_choice,DRA122,3,A35100::HUM/FINE ARTS PICK,3.0,2026_POS_Reduced.xlsx,749,S12397 DRA-122,ok,,Oral Interpretation
A35100,"Air Conditioning, Heating & Refrigeration Technology",TRD,2026,69.0,General Education Requirements,general_education_choice,DRA126,3,A35100::HUM/FINE ARTS PICK,3.0,2026_POS_Reduced.xlsx,750,S12896 DRA-126,ok,,Storytelling
A35100,"Air Conditioning, Heating & Refrigeration Technology",TRD,2026,69.0,General Education Requirements,general_education_choice,DRA211,3,A35100::HUM/FINE ARTS PICK,3.0,2026_POS_Reduced.xlsx,751,S10268 DRA-211,ok,,Theatre History I
A35100,"Air Conditioning, Heating & Refrigeration Technology",TRD,2026,69.0,General Education Requirements,general_education_choice,DRA212,3,A35100::HUM/FINE ARTS PICK,3.0,2026_POS_Reduced.xlsx,752,S10226 DRA-212,ok,,Theatre History II
A35100,"Air Conditioning, Heating & Refrigeration Technology",TRD,2026,69.0,General Education Requirements,general_education_choice,HUM110,3,A35100::HUM/FINE ARTS PICK,3.0,2026_POS_Reduced.xlsx,753,S14059 HUM-110,ok,,Technology and Society
A35100,"Air Conditioning, Heating & Refrigeration Technology",TRD,2026,69.0,General Education Requirements,general_education_choice,HUM115,3,A35100::HUM/FINE ARTS PICK,3.0,2026_POS_Reduced.xlsx,754,S26396 HUM-115,ok,,Critical Thinking
A35100,"Air Conditioning, Heating & Refrigeration Technology",TRD,2026,69.0,General Education Requirements,general_education_choice,HUM120,3,A35100::HUM/FINE ARTS PICK,3.0,2026_POS_Reduced.xlsx,755,S12973 HUM-120,ok,,Cultural Studies
A35100,"Air Conditioning, Heating & Refrigeration Technology",TRD,2026,69.0,General Education Requirements,general_education_choice,HUM121,3,A35100::HUM/FINE ARTS PICK,3.0,2026_POS_Reduced.xlsx,756,S13080 HUM-121,ok,,The Nature of America
A35100,"Air Conditioning, Heating & Refrigeration Technology",TRD,2026,69.0,General Education Requirements,general_education_choice,HUM122,3,A35100::HUM/FINE ARTS PICK,3.0,2026_POS_Reduced.xlsx,757,S13030 HUM-122,ok,,Southern Culture
A35100,"Air Conditioning, Heating & Refrigeration Technology",TRD,2026,69.0,General Education Requirements,general_education_choice,HUM130,3,A35100::HUM/FINE ARTS PICK,3.0,2026_POS_Reduced.xlsx,758,S13721 HUM-130,ok,,Myth in Human Culture
A35100,"Air Conditioning, Heating & Refrigeration Technology",TRD,2026,69.0,General Education Requirements,general_education_choice,HUM150,3,A35100::HUM/FINE ARTS PICK,3.0,2026_POS_Reduced.xlsx,759,S11249 HUM-150,ok,,American Women's Studies
A35100,"Air Conditioning, Heating & Refrigeration Technology",TRD,2026,69.0,General Education Requirements,general_education_choice,HUM160,3,A35100::HUM/FINE ARTS PICK,3.0,2026_POS_Reduced.xlsx,760,S16395 HUM-160,ok,,Introduction to Film
A35100,"Air Conditioning, Heating & Refrigeration Technology",TRD,2026,69.0,General Education Requirements,general_education_choice,HUM170,3,A35100::HUM/FINE ARTS PICK,3.0,2026_POS_Reduced.xlsx,761,S13684 HUM-170,ok,,The Holocaust
A35100,"Air Conditioning, Heating & Refrigeration Technology",TRD,2026,69.0,General Education Requirements,general_education_choice,HUM211,3,A35100::HUM/FINE ARTS PICK,3.0,2026_POS_Reduced.xlsx,762,S10430 HUM-211,ok,,Humanities I
A35100,"Air Conditioning, Heating & Refrigeration Technology",TRD,2026,69.0,General Education Requirements,general_education_choice,HUM212,3,A35100::HUM/FINE ARTS PICK,3.0,2026_POS_Reduced.xlsx,763,S10487 HUM-212,ok,,Humanities II
A35100,"Air Conditioning, Heating & Refrigeration Technology",TRD,2026,69.0,General Education Requirements,general_education_choice,HUM220,3,A35100::HUM/FINE ARTS PICK,3.0,2026_POS_Reduced.xlsx,764,S11527 HUM-220,ok,,Human Values and Meaning
A35100,"Air Conditioning, Heating & Refrigeration Technology",TRD,2026,69.0,General Education Requirements,general_education_choice,HUM230,3,A35100::HUM/FINE ARTS PICK,3.0,2026_POS_Reduced.xlsx,765,S11154 HUM-230,ok,,Leadership Development
A35100,"Air Conditioning, Heating & Refrigeration Technology",TRD,2026,69.0,General Education Requirements,general_education_choice,MUS110,3,A35100::HUM/FINE ARTS PICK,3.0,2026_POS_Reduced.xlsx,766,S13676 MUS-110,ok,,Music Appreciation
A35100,"Air Conditioning, Heating & Refrigeration Technology",TRD,2026,69.0,General Education Requirements,general_education_choice,MUS112,3,A35100::HUM/FINE ARTS PICK,3.0,2026_POS_Reduced.xlsx,767,S13646 MUS-112,ok,,Introduction to Jazz
A35100,"Air Conditioning, Heating & Refrigeration Technology",TRD,2026,69.0,General Education Requirements,general_education_choice,MUS113,3,A35100::HUM/FINE ARTS PICK,3.0,2026_POS_Reduced.xlsx,768,S13699 MUS-113,ok,,American Music
A35100,"Air Conditioning, Heating & Refrigeration Technology",TRD,2026,69.0,General Education Requirements,general_education_choice,MUS114,3,A35100::HUM/FINE ARTS PICK,3.0,2026_POS_Reduced.xlsx,770,S25735 MUS-114,ok,,Introduction to World Music
A35100,"Air Conditioning, Heating & Refrigeration Technology",TRD,2026,69.0,General Education Requirements,general_education_choice,MUS213,3,A35100::HUM/FINE ARTS PICK,3.0,2026_POS_Reduced.xlsx,771,S13978 MUS-213,ok,,Opera and Musical Theatre
A35100,"Air Conditioning, Heating & Refrigeration Technology",TRD,2026,69.0,General Education Requirements,general_education_choice,PHI210,3,A35100::HUM/FINE ARTS PICK,3.0,2026_POS_Reduced.xlsx,772,S14081 PHI-210,ok,,History of Philosophy
A35100,"Air Conditioning, Heating & Refrigeration Technology",TRD,2026,69.0,General Education Requirements,general_education_choice,PHI215,3,A35100::HUM/FINE ARTS PICK,3.0,2026_POS_Reduced.xlsx,773,S24028 PHI-215,ok,,Philosophical Issues
A35100,"Air Conditioning, Heating & Refrigeration Technology",TRD,2026,69.0,General Education Requirements,general_education_choice,PHI220,3,A35100::HUM/FINE ARTS PICK,3.0,2026_POS_Reduced.xlsx,774,S13045 PHI-220,ok,,Western Philosophy I
A35100,"Air Conditioning, Heating & Refrigeration Technology",TRD,2026,69.0,General Education Requirements,general_education_choice,PHI221,3,A35100::HUM/FINE ARTS PICK,3.0,2026_POS_Reduced.xlsx,775,S12988 PHI-221,ok,,Western Philosophy II
A35100,"Air Conditioning, Heating & Refrigeration Technology",TRD,2026,69.0,General Education Requirements,general_education_choice,PHI230,3,A35100::HUM/FINE ARTS PICK,3.0,2026_POS_Reduced.xlsx,776,S13741 PHI-230,ok,,Introduction to Logic
A35100,"Air Conditioning, Heating & Refrigeration Technology",TRD,2026,69.0,General Education Requirements,general_education_choice,PHI240,3,A35100::HUM/FINE ARTS PICK,3.0,2026_POS_Reduced.xlsx,777,S24029 PHI-240,ok,,Introduction to Ethics
A35100,"Air Conditioning, Heating & Refrigeration Technology",TRD,2026,69.0,General Education Requirements,general_education_choice,REL110,3,A35100::HUM/FINE ARTS PICK,3.0,2026_POS_Reduced.xlsx,778,S13256 REL-110,ok,,World Religions
A35100,"Air Conditioning, Heating & Refrigeration Technology",TRD,2026,69.0,General Education Requirements,general_education_choice,REL111,3,A35100::HUM/FINE ARTS PICK,3.0,2026_POS_Reduced.xlsx,779,S13358 REL-111,ok,,Eastern Religions
A35100,"Air Conditioning, Heating & Refrigeration Technology",TRD,2026,69.0,General Education Requirements,general_education_choice,REL112,3,A35100::HUM/FINE ARTS PICK,3.0,2026_POS_Reduced.xlsx,780,S13280 REL-112,ok,,Western Religions
A35100,"Air Conditioning, Heating & Refrigeration Technology",TRD,2026,69.0,General Education Requirements,general_education_choice,REL211,3,A35100::HUM/FINE ARTS PICK,3.0,2026_POS_Reduced.xlsx,781,S11707 REL-211,ok,,Intro to Old Testament
A35100,"Air Conditioning, Heating & Refrigeration Technology",TRD,2026,69.0,General Education Requirements,general_education_choice,REL212,3,A35100::HUM/FINE ARTS PICK,3.0,2026_POS_Reduced.xlsx,782,S11723 REL-212,ok,,Intro to New Testament
A35100,"Air Conditioning, Heating & Refrigeration Technology",TRD,2026,69.0,General Education Requirements,general_education_choice,REL221,3,A35100::HUM/FINE ARTS PICK,3.0,2026_POS_Reduced.xlsx,783,S11026 REL-221,ok,,Religion in America
A35100,"Air Conditioning, Heating & Refrigeration Technology",TRD,2026,69.0,General Education Requirements,general_education_choice,ANT210,3,A35100::Take From Sci Pick,3.0,2026_POS_Reduced.xlsx,784,Soc/Behav > Take From Sci Pick 3 credits S13262 ANT-210,ok,,General Anthropology
A35100,"Air Conditioning, Heating & Refrigeration Technology",TRD,2026,69.0,General Education Requirements,general_education_choice,ANT220,3,A35100::Take From Sci Pick,3.0,2026_POS_Reduced.xlsx,785,S10526 ANT-220,ok,,Cultural Anthropology
A35100,"Air Conditioning, Heating & Refrigeration Technology",TRD,2026,69.0,General Education Requirements,general_education_choice,ANT221,3,A35100::Take From Sci Pick,3.0,2026_POS_Reduced.xlsx,786,S10536 ANT-221,ok,,Comparative Cultures
A35100,"Air Conditioning, Heating & Refrigeration Technology",TRD,2026,69.0,General Education Requirements,general_education_choice,ANT230,3,A35100::Take From Sci Pick,3.0,2026_POS_Reduced.xlsx,787,S11533 ANT-230,ok,,Physical Anthropology
A35100,"Air Conditioning, Heating & Refrigeration Technology",TRD,2026,69.0,General Education Requirements,general_education_choice,ANT240,3,A35100::Take From Sci Pick,3.0,2026_POS_Reduced.xlsx,788,S10965 ANT-240,ok,,Archaeology
A35100,"Air Conditioning, Heating & Refrigeration Technology",TRD,2026,69.0,General Education Requirements,general_education_choice,ECO251,3,A35100::Take From Sci Pick,3.0,2026_POS_Reduced.xlsx,789,S11774 ECO-251,ok,,Prin of Microeconomics
A35100,"Air Conditioning, Heating & Refrigeration Technology",TRD,2026,69.0,General Education Requirements,general_education_choice,ECO252,3,A35100::Take From Sci Pick,3.0,2026_POS_Reduced.xlsx,790,S11710 ECO-252,ok,,Prin of Macroeconomics
A35100,"Air Conditioning, Heating & Refrigeration Technology",TRD,2026,69.0,General Education Requirements,general_education_choice,GEO110,3,A35100::Take From Sci Pick,3.0,2026_POS_Reduced.xlsx,791,S13710 GEO-110,ok,,Introduction to Geography
A35100,"Air Conditioning, Heating & Refrigeration Technology",TRD,2026,69.0,General Education Requirements,general_education_choice,GEO111,3,A35100::Take From Sci Pick,3.0,2026_POS_Reduced.xlsx,792,S13742 GEO-111,ok,,World Regional Geography
A35100,"Air Conditioning, Heating & Refrigeration Technology",TRD,2026,69.0,General Education Requirements,general_education_choice,GEO112,3,A35100::Take From Sci Pick,3.0,2026_POS_Reduced.xlsx,793,S13729 GEO-112,ok,,Cultural Geography
A35100,"Air Conditioning, Heating & Refrigeration Technology",TRD,2026,69.0,General Education Requirements,general_education_choice,GEO113,3,A35100::Take From Sci Pick,3.0,2026_POS_Reduced.xlsx,794,S13733 GEO-113,ok,,Economic Geography
A35100,"Air Conditioning, Heating & Refrigeration Technology",TRD,2026,69.0,General Education Requirements,general_education_choice,GEO121,3,A35100::Take From Sci Pick,3.0,2026_POS_Reduced.xlsx,795,S11375 GEO-121,ok,,North Carolina Geography
A35100,"Air Conditioning, Heating & Refrigeration Technology",TRD,2026,69.0,General Education Requirements,general_education_choice,GEO130,3,A35100::Take From Sci Pick,3.0,2026_POS_Reduced.xlsx,796,S11264 GEO-130,ok,,General Physical Geography
A35100,"Air Conditioning, Heating & Refrigeration Technology",TRD,2026,69.0,General Education Requirements,general_education_choice,GEO131,4,A35100::Take From Sci Pick,3.0,2026_POS_Reduced.xlsx,797,S11231 GEO-131,ok,,Physical Geography I
A35100,"Air Conditioning, Heating & Refrigeration Technology",TRD,2026,69.0,General Education Requirements,general_education_choice,GEO132,4,A35100::Take From Sci Pick,3.0,2026_POS_Reduced.xlsx,798,S11233 GEO-132,ok,,Physical Geography II
A35100,"Air Conditioning, Heating & Refrigeration Technology",TRD,2026,69.0,General Education Requirements,general_education_choice,HIS111,3,A35100::Take From Sci Pick,3.0,2026_POS_Reduced.xlsx,799,S10799 HIS-111,ok,,World Civilizations I
A35100,"Air Conditioning, Heating & Refrigeration Technology",TRD,2026,69.0,General Education Requirements,general_education_choice,HIS112,3,A35100::Take From Sci Pick,3.0,2026_POS_Reduced.xlsx,800,S10844 HIS-112,ok,,World Civilizations II
A35100,"Air Conditioning, Heating & Refrigeration Technology",TRD,2026,69.0,General Education Requirements,general_education_choice,HIS115,3,A35100::Take From Sci Pick,3.0,2026_POS_Reduced.xlsx,801,S10822 HIS-115,ok,,Intro to Global History
A35100,"Air Conditioning, Heating & Refrigeration Technology",TRD,2026,69.0,General Education Requirements,general_education_choice,HIS116,3,A35100::Take From Sci Pick,3.0,2026_POS_Reduced.xlsx,802,S10826 HIS-116,ok,,Current World Problems
A35100,"Air Conditioning, Heating & Refrigeration Technology",TRD,2026,69.0,General Education Requirements,general_education_choice,HIS121,3,A35100::Take From Sci Pick,3.0,2026_POS_Reduced.xlsx,803,S13000 HIS-121,ok,,Western Civilization I
A35100,"Air Conditioning, Heating & Refrigeration Technology",TRD,2026,69.0,General Education Requirements,general_education_choice,HIS122,3,A35100::Take From Sci Pick,3.0,2026_POS_Reduced.xlsx,804,S13096 HIS-122,ok,,Western Civilization II
A35100,"Air Conditioning, Heating & Refrigeration Technology",TRD,2026,69.0,General Education Requirements,general_education_choice,HIS131,3,A35100::Take From Sci Pick,3.0,2026_POS_Reduced.xlsx,805,S10372 HIS-131,ok,,American History I
A35100,"Air Conditioning, Heating & Refrigeration Technology",TRD,2026,69.0,General Education Requirements,general_education_choice,HIS132,3,A35100::Take From Sci Pick,3.0,2026_POS_Reduced.xlsx,806,S10386 HIS-132,ok,,American History II
A35100,"Air Conditioning, Heating & Refrigeration Technology",TRD,2026,69.0,General Education Requirements,general_education_choice,HIS162,3,A35100::Take From Sci Pick,3.0,2026_POS_Reduced.xlsx,807,S12886 HIS-162,ok,,Women and History
A35100,"Air Conditioning, Heating & Refrigeration Technology",TRD,2026,69.0,General Education Requirements,general_education_choice,HIS212,3,A35100::Take From Sci Pick,3.0,2026_POS_Reduced.xlsx,808,S10435 HIS-212,ok,,Medieval History
A35100,"Air Conditioning, Heating & Refrigeration Technology",TRD,2026,69.0,General Education Requirements,general_education_choice,HIS221,3,A35100::Take From Sci Pick,3.0,2026_POS_Reduced.xlsx,809,S11507 HIS-221,ok,,African-American History
A35100,"Air Conditioning, Heating & Refrigeration Technology",TRD,2026,69.0,General Education Requirements,general_education_choice,HIS222,3,A35100::Take From Sci Pick,3.0,2026_POS_Reduced.xlsx,810,S11465 HIS-222,ok,,African-American Hist I
A35100,"Air Conditioning, Heating & Refrigeration Technology",TRD,2026,69.0,General Education Requirements,general_education_choice,HIS223,3,A35100::Take From Sci Pick,3.0,2026_POS_Reduced.xlsx,811,S11488 HIS-223,ok,,African-American Hist II
A35100,"Air Conditioning, Heating & Refrigeration Technology",TRD,2026,69.0,General Education Requirements,general_education_choice,HIS226,3,A35100::Take From Sci Pick,3.0,2026_POS_Reduced.xlsx,812,S11444 HIS-226,ok,,The Civil War
A35100,"Air Conditioning, Heating & Refrigeration Technology",TRD,2026,69.0,General Education Requirements,general_education_choice,HIS236,3,A35100::Take From Sci Pick,3.0,2026_POS_Reduced.xlsx,813,S11126 HIS-236,ok,,North Carolina History
A35100,"Air Conditioning, Heating & Refrigeration Technology",TRD,2026,69.0,General Education Requirements,general_education_choice,POL120,3,A35100::Take From Sci Pick,3.0,2026_POS_Reduced.xlsx,814,S24030 POL-120,ok,,American Government
A35100,"Air Conditioning, Heating & Refrigeration Technology",TRD,2026,69.0,General Education Requirements,general_education_choice,POL130,3,A35100::Take From Sci Pick,3.0,2026_POS_Reduced.xlsx,815,S14316 POL-130,ok,,State & Local Government
A35100,"Air Conditioning, Heating & Refrigeration Technology",TRD,2026,69.0,General Education Requirements,general_education_choice,POL210,3,A35100::Take From Sci Pick,3.0,2026_POS_Reduced.xlsx,816,S14332 POL-210,ok,,Comparative Government
A35100,"Air Conditioning, Heating & Refrigeration Technology",TRD,2026,69.0,General Education Requirements,general_education_choice,POL220,3,A35100::Take From Sci Pick,3.0,2026_POS_Reduced.xlsx,817,S12877 POL-220,ok,,International Relations
A35100,"Air Conditioning, Heating & Refrigeration Technology",TRD,2026,69.0,General Education Requirements,general_education_choice,PSY110,3,A35100::Take From Sci Pick,3.0,2026_POS_Reduced.xlsx,818,S11017 PSY-110,ok,,Life Span Development
A35100,"Air Conditioning, Heating & Refrigeration Technology",TRD,2026,69.0,General Education Requirements,general_education_choice,PSY118,3,A35100::Take From Sci Pick,3.0,2026_POS_Reduced.xlsx,819,S11025 PSY-118,ok,,Interpersonal Psychology
A35100,"Air Conditioning, Heating & Refrigeration Technology",TRD,2026,69.0,General Education Requirements,general_education_choice,PSY141,3,A35100::Take From Sci Pick,3.0,2026_POS_Reduced.xlsx,820,S12181 PSY-141,ok,,Psych of Death and Dying
A35100,"Air Conditioning, Heating & Refrigeration Technology",TRD,2026,69.0,General Education Requirements,general_education_choice,PSY150,3,A35100::Take From Sci Pick,3.0,2026_POS_Reduced.xlsx,821,S10777 PSY-150,ok,,General Psychology
A35100,"Air Conditioning, Heating & Refrigeration Technology",TRD,2026,69.0,General Education Requirements,general_education_choice,PSY211,3,A35100::Take From Sci Pick,3.0,2026_POS_Reduced.xlsx,822,S10085 PSY-211,ok,,Psychology of Adjustment
A35100,"Air Conditioning, Heating & Refrigeration Technology",TRD,2026,69.0,General Education Requirements,general_education_choice,PSY237,3,A35100::Take From Sci Pick,3.0,2026_POS_Reduced.xlsx,823,S10878 PSY-237,ok,,Social Psychology
A35100,"Air Conditioning, Heating & Refrigeration Technology",TRD,2026,69.0,General Education Requirements,general_education_choice,PSY239,3,A35100::Take From Sci Pick,3.0,2026_POS_Reduced.xlsx,825,S10904 PSY-239 1997SU Psychology of Personality SB-AAS 3.00 0.00 0.00 3.00 2) Major Requirements (20.00) MAJ REQUIRED COURSES > Take 20 credits,ok,,Psychology of Personality SB-AAS
A35100,"Air Conditioning, Heating & Refrigeration Technology",TRD,2026,69.0,Major Requirements,major_required,AHR110,5,A35100::MAJ REQUIRED COURSES,20.0,2026_POS_Reduced.xlsx,826,From S26631 AHR-110,ok,,Intro to Refrigeration
A35100,"Air Conditioning, Heating & Refrigeration Technology",TRD,2026,69.0,Major Requirements,major_required,AHR111,3,A35100::MAJ REQUIRED COURSES,20.0,2026_POS_Reduced.xlsx,827,S26632 AHR-111,ok,,HVACR Electricity
A35100,"Air Conditioning, Heating & Refrigeration Technology",TRD,2026,69.0,Major Requirements,major_required,AHR112,4,A35100::MAJ REQUIRED COURSES,20.0,2026_POS_Reduced.xlsx,828,S26633 AHR-112,ok,,Heating Technology
A35100,"Air Conditioning, Heating & Refrigeration Technology",TRD,2026,69.0,Major Requirements,major_required,AHR113,4,A35100::MAJ REQUIRED COURSES,20.0,2026_POS_Reduced.xlsx,829,S26634 AHR-113,ok,,Comfort Cooling
A35100,"Air Conditioning, Heating & Refrigeration Technology",TRD,2026,69.0,Major Requirements,major_required,AHR114,4,A35100::MAJ REQUIRED COURSES,20.0,2026_POS_Reduced.xlsx,830,S26635 AHR-114,ok,,Heat Pump Technology
A35100,"Air Conditioning, Heating & Refrigeration Technology",TRD,2026,69.0,Concentration Requirements,major_required,AHR130,3,A35100::MAJCO Required Courses,12.0,2026_POS_Reduced.xlsx,831,3) Concentration Requirements (12.00) MAJCO Required Courses > Take 12 credits From S23273 AHR-130 2013FA HVAC Controls 2.00 2.00 0.00 3.00 S26644 AHR-211 2025FA Residential System Design 2.00 2.00 0.00 3.00 S26645 AHR-212 2025FA Advanced Comfort Systems 2.00 6.00 0.00 4.00 S26646 AHR-213 2025FA HVACR Building Code 1.00 2.00 0.00 2.00 4) Other Major Requirements (22.00) MAJ OTHER REQ COURSES > Take 20 credits From S26636 AHR-115 2025FA Refrigeration Systems 2.00 4.00 0.00 4.00 S26639 AHR-133 2025FA HVAC Servicing 2.00 6.00 0.00 4.00 S26641 AHR-160 2025FA Refrigerant Certification 1.00 0.00 0.00 1.00 S12067 AHR-180 1997SU HVACR Customer Relations 1.00 0.00 0.00 1.00 S14323 AHR-151 1997SU HVAC Duct Systems I 1.00 3.00 0.00 2.00 S26647 AHR-215 2025FA Commercial HVAC Controls 1.00 3.00 0.00 2.00 S12854 AHR-245 1997SU Chiller Systems 1.00 3.00 0.00 2.00 S26649 AHR-255 2025FA Indoor Air Quality 1.00 2.00 0.00 2.00 S23524 BAT-111 2013FA Building Automation Systems 1.00 3.00 0.00 2.00 MAJ Other Required Pick > Take 2 credits From S26648 AHR-250 2025FA HVAC System Diagnostics 0.00 4.00 0.00 2.00 S23795 WBL-112 2014FA Work-Based Learning I 0.00 0.00 20.00 2.00 (69.00),ok,,HVAC Controls
A35100,"Air Conditioning, Heating & Refrigeration Technology",TRD,2026,69.0,Concentration Requirements,major_required,AHR211,3,A35100::MAJCO Required Courses,12.0,2026_POS_Reduced.xlsx,831,3) Concentration Requirements (12.00) MAJCO Required Courses > Take 12 credits From S23273 AHR-130 2013FA HVAC Controls 2.00 2.00 0.00 3.00 S26644 AHR-211 2025FA Residential System Design 2.00 2.00 0.00 3.00 S26645 AHR-212 2025FA Advanced Comfort Systems 2.00 6.00 0.00 4.00 S26646 AHR-213 2025FA HVACR Building Code 1.00 2.00 0.00 2.00 4) Other Major Requirements (22.00) MAJ OTHER REQ COURSES > Take 20 credits From S26636 AHR-115 2025FA Refrigeration Systems 2.00 4.00 0.00 4.00 S26639 AHR-133 2025FA HVAC Servicing 2.00 6.00 0.00 4.00 S26641 AHR-160 2025FA Refrigerant Certification 1.00 0.00 0.00 1.00 S12067 AHR-180 1997SU HVACR Customer Relations 1.00 0.00 0.00 1.00 S14323 AHR-151 1997SU HVAC Duct Systems I 1.00 3.00 0.00 2.00 S26647 AHR-215 2025FA Commercial HVAC Controls 1.00 3.00 0.00 2.00 S12854 AHR-245 1997SU Chiller Systems 1.00 3.00 0.00 2.00 S26649 AHR-255 2025FA Indoor Air Quality 1.00 2.00 0.00 2.00 S23524 BAT-111 2013FA Building Automation Systems 1.00 3.00 0.00 2.00 MAJ Other Required Pick > Take 2 credits From S26648 AHR-250 2025FA HVAC System Diagnostics 0.00 4.00 0.00 2.00 S23795 WBL-112 2014FA Work-Based Learning I 0.00 0.00 20.00 2.00 (69.00),ok,,Residential System Design
A35100,"Air Conditioning, Heating & Refrigeration Technology",TRD,2026,69.0,Concentration Requirements,major_required,AHR212,4,A35100::MAJCO Required Courses,12.0,2026_POS_Reduced.xlsx,831,3) Concentration Requirements (12.00) MAJCO Required Courses > Take 12 credits From S23273 AHR-130 2013FA HVAC Controls 2.00 2.00 0.00 3.00 S26644 AHR-211 2025FA Residential System Design 2.00 2.00 0.00 3.00 S26645 AHR-212 2025FA Advanced Comfort Systems 2.00 6.00 0.00 4.00 S26646 AHR-213 2025FA HVACR Building Code 1.00 2.00 0.00 2.00 4) Other Major Requirements (22.00) MAJ OTHER REQ COURSES > Take 20 credits From S26636 AHR-115 2025FA Refrigeration Systems 2.00 4.00 0.00 4.00 S26639 AHR-133 2025FA HVAC Servicing 2.00 6.00 0.00 4.00 S26641 AHR-160 2025FA Refrigerant Certification 1.00 0.00 0.00 1.00 S12067 AHR-180 1997SU HVACR Customer Relations 1.00 0.00 0.00 1.00 S14323 AHR-151 1997SU HVAC Duct Systems I 1.00 3.00 0.00 2.00 S26647 AHR-215 2025FA Commercial HVAC Controls 1.00 3.00 0.00 2.00 S12854 AHR-245 1997SU Chiller Systems 1.00 3.00 0.00 2.00 S26649 AHR-255 2025FA Indoor Air Quality 1.00 2.00 0.00 2.00 S23524 BAT-111 2013FA Building Automation Systems 1.00 3.00 0.00 2.00 MAJ Other Required Pick > Take 2 credits From S26648 AHR-250 2025FA HVAC System Diagnostics 0.00 4.00 0.00 2.00 S23795 WBL-112 2014FA Work-Based Learning I 0.00 0.00 20.00 2.00 (69.00),ok,,Advanced Comfort Systems
A35100,"Air Conditioning, Heating & Refrigeration Technology",TRD,2026,69.0,Concentration Requirements,major_required,AHR213,2,A35100::MAJCO Required Courses,12.0,2026_POS_Reduced.xlsx,831,3) Concentration Requirements (12.00) MAJCO Required Courses > Take 12 credits From S23273 AHR-130 2013FA HVAC Controls 2.00 2.00 0.00 3.00 S26644 AHR-211 2025FA Residential System Design 2.00 2.00 0.00 3.00 S26645 AHR-212 2025FA Advanced Comfort Systems 2.00 6.00 0.00 4.00 S26646 AHR-213 2025FA HVACR Building Code 1.00 2.00 0.00 2.00 4) Other Major Requirements (22.00) MAJ OTHER REQ COURSES > Take 20 credits From S26636 AHR-115 2025FA Refrigeration Systems 2.00 4.00 0.00 4.00 S26639 AHR-133 2025FA HVAC Servicing 2.00 6.00 0.00 4.00 S26641 AHR-160 2025FA Refrigerant Certification 1.00 0.00 0.00 1.00 S12067 AHR-180 1997SU HVACR Customer Relations 1.00 0.00 0.00 1.00 S14323 AHR-151 1997SU HVAC Duct Systems I 1.00 3.00 0.00 2.00 S26647 AHR-215 2025FA Commercial HVAC Controls 1.00 3.00 0.00 2.00 S12854 AHR-245 1997SU Chiller Systems 1.00 3.00 0.00 2.00 S26649 AHR-255 2025FA Indoor Air Quality 1.00 2.00 0.00 2.00 S23524 BAT-111 2013FA Building Automation Systems 1.00 3.00 0.00 2.00 MAJ Other Required Pick > Take 2 credits From S26648 AHR-250 2025FA HVAC System Diagnostics 0.00 4.00 0.00 2.00 S23795 WBL-112 2014FA Work-Based Learning I 0.00 0.00 20.00 2.00 (69.00),ok,,HVACR Building Code
A35100,"Air Conditioning, Heating & Refrigeration Technology",TRD,2026,69.0,Other Major Requirements,major_required,AHR115,4,A35100::MAJ OTHER REQ COURSES,20.0,2026_POS_Reduced.xlsx,831,3) Concentration Requirements (12.00) MAJCO Required Courses > Take 12 credits From S23273 AHR-130 2013FA HVAC Controls 2.00 2.00 0.00 3.00 S26644 AHR-211 2025FA Residential System Design 2.00 2.00 0.00 3.00 S26645 AHR-212 2025FA Advanced Comfort Systems 2.00 6.00 0.00 4.00 S26646 AHR-213 2025FA HVACR Building Code 1.00 2.00 0.00 2.00 4) Other Major Requirements (22.00) MAJ OTHER REQ COURSES > Take 20 credits From S26636 AHR-115 2025FA Refrigeration Systems 2.00 4.00 0.00 4.00 S26639 AHR-133 2025FA HVAC Servicing 2.00 6.00 0.00 4.00 S26641 AHR-160 2025FA Refrigerant Certification 1.00 0.00 0.00 1.00 S12067 AHR-180 1997SU HVACR Customer Relations 1.00 0.00 0.00 1.00 S14323 AHR-151 1997SU HVAC Duct Systems I 1.00 3.00 0.00 2.00 S26647 AHR-215 2025FA Commercial HVAC Controls 1.00 3.00 0.00 2.00 S12854 AHR-245 1997SU Chiller Systems 1.00 3.00 0.00 2.00 S26649 AHR-255 2025FA Indoor Air Quality 1.00 2.00 0.00 2.00 S23524 BAT-111 2013FA Building Automation Systems 1.00 3.00 0.00 2.00 MAJ Other Required Pick > Take 2 credits From S26648 AHR-250 2025FA HVAC System Diagnostics 0.00 4.00 0.00 2.00 S23795 WBL-112 2014FA Work-Based Learning I 0.00 0.00 20.00 2.00 (69.00),ok,,Refrigeration Systems
A35100,"Air Conditioning, Heating & Refrigeration Technology",TRD,2026,69.0,Other Major Requirements,major_required,AHR133,4,A35100::MAJ OTHER REQ COURSES,20.0,2026_POS_Reduced.xlsx,831,3) Concentration Requirements (12.00) MAJCO Required Courses > Take 12 credits From S23273 AHR-130 2013FA HVAC Controls 2.00 2.00 0.00 3.00 S26644 AHR-211 2025FA Residential System Design 2.00 2.00 0.00 3.00 S26645 AHR-212 2025FA Advanced Comfort Systems 2.00 6.00 0.00 4.00 S26646 AHR-213 2025FA HVACR Building Code 1.00 2.00 0.00 2.00 4) Other Major Requirements (22.00) MAJ OTHER REQ COURSES > Take 20 credits From S26636 AHR-115 2025FA Refrigeration Systems 2.00 4.00 0.00 4.00 S26639 AHR-133 2025FA HVAC Servicing 2.00 6.00 0.00 4.00 S26641 AHR-160 2025FA Refrigerant Certification 1.00 0.00 0.00 1.00 S12067 AHR-180 1997SU HVACR Customer Relations 1.00 0.00 0.00 1.00 S14323 AHR-151 1997SU HVAC Duct Systems I 1.00 3.00 0.00 2.00 S26647 AHR-215 2025FA Commercial HVAC Controls 1.00 3.00 0.00 2.00 S12854 AHR-245 1997SU Chiller Systems 1.00 3.00 0.00 2.00 S26649 AHR-255 2025FA Indoor Air Quality 1.00 2.00 0.00 2.00 S23524 BAT-111 2013FA Building Automation Systems 1.00 3.00 0.00 2.00 MAJ Other Required Pick > Take 2 credits From S26648 AHR-250 2025FA HVAC System Diagnostics 0.00 4.00 0.00 2.00 S23795 WBL-112 2014FA Work-Based Learning I 0.00 0.00 20.00 2.00 (69.00),ok,,HVAC Servicing
A35100,"Air Conditioning, Heating & Refrigeration Technology",TRD,2026,69.0,Other Major Requirements,major_required,AHR160,1,A35100::MAJ OTHER REQ COURSES,20.0,2026_POS_Reduced.xlsx,831,3) Concentration Requirements (12.00) MAJCO Required Courses > Take 12 credits From S23273 AHR-130 2013FA HVAC Controls 2.00 2.00 0.00 3.00 S26644 AHR-211 2025FA Residential System Design 2.00 2.00 0.00 3.00 S26645 AHR-212 2025FA Advanced Comfort Systems 2.00 6.00 0.00 4.00 S26646 AHR-213 2025FA HVACR Building Code 1.00 2.00 0.00 2.00 4) Other Major Requirements (22.00) MAJ OTHER REQ COURSES > Take 20 credits From S26636 AHR-115 2025FA Refrigeration Systems 2.00 4.00 0.00 4.00 S26639 AHR-133 2025FA HVAC Servicing 2.00 6.00 0.00 4.00 S26641 AHR-160 2025FA Refrigerant Certification 1.00 0.00 0.00 1.00 S12067 AHR-180 1997SU HVACR Customer Relations 1.00 0.00 0.00 1.00 S14323 AHR-151 1997SU HVAC Duct Systems I 1.00 3.00 0.00 2.00 S26647 AHR-215 2025FA Commercial HVAC Controls 1.00 3.00 0.00 2.00 S12854 AHR-245 1997SU Chiller Systems 1.00 3.00 0.00 2.00 S26649 AHR-255 2025FA Indoor Air Quality 1.00 2.00 0.00 2.00 S23524 BAT-111 2013FA Building Automation Systems 1.00 3.00 0.00 2.00 MAJ Other Required Pick > Take 2 credits From S26648 AHR-250 2025FA HVAC System Diagnostics 0.00 4.00 0.00 2.00 S23795 WBL-112 2014FA Work-Based Learning I 0.00 0.00 20.00 2.00 (69.00),ok,,Refrigerant Certification
A35100,"Air Conditioning, Heating & Refrigeration Technology",TRD,2026,69.0,Other Major Requirements,major_required,AHR180,1,A35100::MAJ OTHER REQ COURSES,20.0,2026_POS_Reduced.xlsx,831,3) Concentration Requirements (12.00) MAJCO Required Courses > Take 12 credits From S23273 AHR-130 2013FA HVAC Controls 2.00 2.00 0.00 3.00 S26644 AHR-211 2025FA Residential System Design 2.00 2.00 0.00 3.00 S26645 AHR-212 2025FA Advanced Comfort Systems 2.00 6.00 0.00 4.00 S26646 AHR-213 2025FA HVACR Building Code 1.00 2.00 0.00 2.00 4) Other Major Requirements (22.00) MAJ OTHER REQ COURSES > Take 20 credits From S26636 AHR-115 2025FA Refrigeration Systems 2.00 4.00 0.00 4.00 S26639 AHR-133 2025FA HVAC Servicing 2.00 6.00 0.00 4.00 S26641 AHR-160 2025FA Refrigerant Certification 1.00 0.00 0.00 1.00 S12067 AHR-180 1997SU HVACR Customer Relations 1.00 0.00 0.00 1.00 S14323 AHR-151 1997SU HVAC Duct Systems I 1.00 3.00 0.00 2.00 S26647 AHR-215 2025FA Commercial HVAC Controls 1.00 3.00 0.00 2.00 S12854 AHR-245 1997SU Chiller Systems 1.00 3.00 0.00 2.00 S26649 AHR-255 2025FA Indoor Air Quality 1.00 2.00 0.00 2.00 S23524 BAT-111 2013FA Building Automation Systems 1.00 3.00 0.00 2.00 MAJ Other Required Pick > Take 2 credits From S26648 AHR-250 2025FA HVAC System Diagnostics 0.00 4.00 0.00 2.00 S23795 WBL-112 2014FA Work-Based Learning I 0.00 0.00 20.00 2.00 (69.00),ok,,HVACR Customer Relations
A35100,"Air Conditioning, Heating & Refrigeration Technology",TRD,2026,69.0,Other Major Requirements,major_required,AHR151,2,A35100::MAJ OTHER REQ COURSES,20.0,2026_POS_Reduced.xlsx,831,3) Concentration Requirements (12.00) MAJCO Required Courses > Take 12 credits From S23273 AHR-130 2013FA HVAC Controls 2.00 2.00 0.00 3.00 S26644 AHR-211 2025FA Residential System Design 2.00 2.00 0.00 3.00 S26645 AHR-212 2025FA Advanced Comfort Systems 2.00 6.00 0.00 4.00 S26646 AHR-213 2025FA HVACR Building Code 1.00 2.00 0.00 2.00 4) Other Major Requirements (22.00) MAJ OTHER REQ COURSES > Take 20 credits From S26636 AHR-115 2025FA Refrigeration Systems 2.00 4.00 0.00 4.00 S26639 AHR-133 2025FA HVAC Servicing 2.00 6.00 0.00 4.00 S26641 AHR-160 2025FA Refrigerant Certification 1.00 0.00 0.00 1.00 S12067 AHR-180 1997SU HVACR Customer Relations 1.00 0.00 0.00 1.00 S14323 AHR-151 1997SU HVAC Duct Systems I 1.00 3.00 0.00 2.00 S26647 AHR-215 2025FA Commercial HVAC Controls 1.00 3.00 0.00 2.00 S12854 AHR-245 1997SU Chiller Systems 1.00 3.00 0.00 2.00 S26649 AHR-255 2025FA Indoor Air Quality 1.00 2.00 0.00 2.00 S23524 BAT-111 2013FA Building Automation Systems 1.00 3.00 0.00 2.00 MAJ Other Required Pick > Take 2 credits From S26648 AHR-250 2025FA HVAC System Diagnostics 0.00 4.00 0.00 2.00 S23795 WBL-112 2014FA Work-Based Learning I 0.00 0.00 20.00 2.00 (69.00),ok,,HVAC Duct Systems I
A35100,"Air Conditioning, Heating & Refrigeration Technology",TRD,2026,69.0,Other Major Requirements,major_required,AHR215,2,A35100::MAJ OTHER REQ COURSES,20.0,2026_POS_Reduced.xlsx,831,3) Concentration Requirements (12.00) MAJCO Required Courses > Take 12 credits From S23273 AHR-130 2013FA HVAC Controls 2.00 2.00 0.00 3.00 S26644 AHR-211 2025FA Residential System Design 2.00 2.00 0.00 3.00 S26645 AHR-212 2025FA Advanced Comfort Systems 2.00 6.00 0.00 4.00 S26646 AHR-213 2025FA HVACR Building Code 1.00 2.00 0.00 2.00 4) Other Major Requirements (22.00) MAJ OTHER REQ COURSES > Take 20 credits From S26636 AHR-115 2025FA Refrigeration Systems 2.00 4.00 0.00 4.00 S26639 AHR-133 2025FA HVAC Servicing 2.00 6.00 0.00 4.00 S26641 AHR-160 2025FA Refrigerant Certification 1.00 0.00 0.00 1.00 S12067 AHR-180 1997SU HVACR Customer Relations 1.00 0.00 0.00 1.00 S14323 AHR-151 1997SU HVAC Duct Systems I 1.00 3.00 0.00 2.00 S26647 AHR-215 2025FA Commercial HVAC Controls 1.00 3.00 0.00 2.00 S12854 AHR-245 1997SU Chiller Systems 1.00 3.00 0.00 2.00 S26649 AHR-255 2025FA Indoor Air Quality 1.00 2.00 0.00 2.00 S23524 BAT-111 2013FA Building Automation Systems 1.00 3.00 0.00 2.00 MAJ Other Required Pick > Take 2 credits From S26648 AHR-250 2025FA HVAC System Diagnostics 0.00 4.00 0.00 2.00 S23795 WBL-112 2014FA Work-Based Learning I 0.00 0.00 20.00 2.00 (69.00),ok,,Commercial HVAC Controls
A35100,"Air Conditioning, Heating & Refrigeration Technology",TRD,2026,69.0,Other Major Requirements,major_required,AHR245,2,A35100::MAJ OTHER REQ COURSES,20.0,2026_POS_Reduced.xlsx,831,3) Concentration Requirements (12.00) MAJCO Required Courses > Take 12 credits From S23273 AHR-130 2013FA HVAC Controls 2.00 2.00 0.00 3.00 S26644 AHR-211 2025FA Residential System Design 2.00 2.00 0.00 3.00 S26645 AHR-212 2025FA Advanced Comfort Systems 2.00 6.00 0.00 4.00 S26646 AHR-213 2025FA HVACR Building Code 1.00 2.00 0.00 2.00 4) Other Major Requirements (22.00) MAJ OTHER REQ COURSES > Take 20 credits From S26636 AHR-115 2025FA Refrigeration Systems 2.00 4.00 0.00 4.00 S26639 AHR-133 2025FA HVAC Servicing 2.00 6.00 0.00 4.00 S26641 AHR-160 2025FA Refrigerant Certification 1.00 0.00 0.00 1.00 S12067 AHR-180 1997SU HVACR Customer Relations 1.00 0.00 0.00 1.00 S14323 AHR-151 1997SU HVAC Duct Systems I 1.00 3.00 0.00 2.00 S26647 AHR-215 2025FA Commercial HVAC Controls 1.00 3.00 0.00 2.00 S12854 AHR-245 1997SU Chiller Systems 1.00 3.00 0.00 2.00 S26649 AHR-255 2025FA Indoor Air Quality 1.00 2.00 0.00 2.00 S23524 BAT-111 2013FA Building Automation Systems 1.00 3.00 0.00 2.00 MAJ Other Required Pick > Take 2 credits From S26648 AHR-250 2025FA HVAC System Diagnostics 0.00 4.00 0.00 2.00 S23795 WBL-112 2014FA Work-Based Learning I 0.00 0.00 20.00 2.00 (69.00),ok,,Chiller Systems
A35100,"Air Conditioning, Heating & Refrigeration Technology",TRD,2026,69.0,Other Major Requirements,major_required,AHR255,2,A35100::MAJ OTHER REQ COURSES,20.0,2026_POS_Reduced.xlsx,831,3) Concentration Requirements (12.00) MAJCO Required Courses > Take 12 credits From S23273 AHR-130 2013FA HVAC Controls 2.00 2.00 0.00 3.00 S26644 AHR-211 2025FA Residential System Design 2.00 2.00 0.00 3.00 S26645 AHR-212 2025FA Advanced Comfort Systems 2.00 6.00 0.00 4.00 S26646 AHR-213 2025FA HVACR Building Code 1.00 2.00 0.00 2.00 4) Other Major Requirements (22.00) MAJ OTHER REQ COURSES > Take 20 credits From S26636 AHR-115 2025FA Refrigeration Systems 2.00 4.00 0.00 4.00 S26639 AHR-133 2025FA HVAC Servicing 2.00 6.00 0.00 4.00 S26641 AHR-160 2025FA Refrigerant Certification 1.00 0.00 0.00 1.00 S12067 AHR-180 1997SU HVACR Customer Relations 1.00 0.00 0.00 1.00 S14323 AHR-151 1997SU HVAC Duct Systems I 1.00 3.00 0.00 2.00 S26647 AHR-215 2025FA Commercial HVAC Controls 1.00 3.00 0.00 2.00 S12854 AHR-245 1997SU Chiller Systems 1.00 3.00 0.00 2.00 S26649 AHR-255 2025FA Indoor Air Quality 1.00 2.00 0.00 2.00 S23524 BAT-111 2013FA Building Automation Systems 1.00 3.00 0.00 2.00 MAJ Other Required Pick > Take 2 credits From S26648 AHR-250 2025FA HVAC System Diagnostics 0.00 4.00 0.00 2.00 S23795 WBL-112 2014FA Work-Based Learning I 0.00 0.00 20.00 2.00 (69.00),ok,,Indoor Air Quality
A35100,"Air Conditioning, Heating & Refrigeration Technology",TRD,2026,69.0,Other Major Requirements,major_required,BAT111,2,A35100::MAJ OTHER REQ COURSES,20.0,2026_POS_Reduced.xlsx,831,3) Concentration Requirements (12.00) MAJCO Required Courses > Take 12 credits From S23273 AHR-130 2013FA HVAC Controls 2.00 2.00 0.00 3.00 S26644 AHR-211 2025FA Residential System Design 2.00 2.00 0.00 3.00 S26645 AHR-212 2025FA Advanced Comfort Systems 2.00 6.00 0.00 4.00 S26646 AHR-213 2025FA HVACR Building Code 1.00 2.00 0.00 2.00 4) Other Major Requirements (22.00) MAJ OTHER REQ COURSES > Take 20 credits From S26636 AHR-115 2025FA Refrigeration Systems 2.00 4.00 0.00 4.00 S26639 AHR-133 2025FA HVAC Servicing 2.00 6.00 0.00 4.00 S26641 AHR-160 2025FA Refrigerant Certification 1.00 0.00 0.00 1.00 S12067 AHR-180 1997SU HVACR Customer Relations 1.00 0.00 0.00 1.00 S14323 AHR-151 1997SU HVAC Duct Systems I 1.00 3.00 0.00 2.00 S26647 AHR-215 2025FA Commercial HVAC Controls 1.00 3.00 0.00 2.00 S12854 AHR-245 1997SU Chiller Systems 1.00 3.00 0.00 2.00 S26649 AHR-255 2025FA Indoor Air Quality 1.00 2.00 0.00 2.00 S23524 BAT-111 2013FA Building Automation Systems 1.00 3.00 0.00 2.00 MAJ Other Required Pick > Take 2 credits From S26648 AHR-250 2025FA HVAC System Diagnostics 0.00 4.00 0.00 2.00 S23795 WBL-112 2014FA Work-Based Learning I 0.00 0.00 20.00 2.00 (69.00),ok,,Building Automation Systems
A35100,"Air Conditioning, Heating & Refrigeration Technology",TRD,2026,69.0,Other Major Requirements,major_choice,AHR250,2,A35100::MAJ Other Required Pick,2.0,2026_POS_Reduced.xlsx,831,3) Concentration Requirements (12.00) MAJCO Required Courses > Take 12 credits From S23273 AHR-130 2013FA HVAC Controls 2.00 2.00 0.00 3.00 S26644 AHR-211 2025FA Residential System Design 2.00 2.00 0.00 3.00 S26645 AHR-212 2025FA Advanced Comfort Systems 2.00 6.00 0.00 4.00 S26646 AHR-213 2025FA HVACR Building Code 1.00 2.00 0.00 2.00 4) Other Major Requirements (22.00) MAJ OTHER REQ COURSES > Take 20 credits From S26636 AHR-115 2025FA Refrigeration Systems 2.00 4.00 0.00 4.00 S26639 AHR-133 2025FA HVAC Servicing 2.00 6.00 0.00 4.00 S26641 AHR-160 2025FA Refrigerant Certification 1.00 0.00 0.00 1.00 S12067 AHR-180 1997SU HVACR Customer Relations 1.00 0.00 0.00 1.00 S14323 AHR-151 1997SU HVAC Duct Systems I 1.00 3.00 0.00 2.00 S26647 AHR-215 2025FA Commercial HVAC Controls 1.00 3.00 0.00 2.00 S12854 AHR-245 1997SU Chiller Systems 1.00 3.00 0.00 2.00 S26649 AHR-255 2025FA Indoor Air Quality 1.00 2.00 0.00 2.00 S23524 BAT-111 2013FA Building Automation Systems 1.00 3.00 0.00 2.00 MAJ Other Required Pick > Take 2 credits From S26648 AHR-250 2025FA HVAC System Diagnostics 0.00 4.00 0.00 2.00 S23795 WBL-112 2014FA Work-Based Learning I 0.00 0.00 20.00 2.00 (69.00),ok,,HVAC System Diagnostics
A35100,"Air Conditioning, Heating & Refrigeration Technology",TRD,2026,69.0,Other Major Requirements,major_choice,WBL112,2,A35100::MAJ Other Required Pick,2.0,2026_POS_Reduced.xlsx,831,3) Concentration Requirements (12.00) MAJCO Required Courses > Take 12 credits From S23273 AHR-130 2013FA HVAC Controls 2.00 2.00 0.00 3.00 S26644 AHR-211 2025FA Residential System Design 2.00 2.00 0.00 3.00 S26645 AHR-212 2025FA Advanced Comfort Systems 2.00 6.00 0.00 4.00 S26646 AHR-213 2025FA HVACR Building Code 1.00 2.00 0.00 2.00 4) Other Major Requirements (22.00) MAJ OTHER REQ COURSES > Take 20 credits From S26636 AHR-115 2025FA Refrigeration Systems 2.00 4.00 0.00 4.00 S26639 AHR-133 2025FA HVAC Servicing 2.00 6.00 0.00 4.00 S26641 AHR-160 2025FA Refrigerant Certification 1.00 0.00 0.00 1.00 S12067 AHR-180 1997SU HVACR Customer Relations 1.00 0.00 0.00 1.00 S14323 AHR-151 1997SU HVAC Duct Systems I 1.00 3.00 0.00 2.00 S26647 AHR-215 2025FA Commercial HVAC Controls 1.00 3.00 0.00 2.00 S12854 AHR-245 1997SU Chiller Systems 1.00 3.00 0.00 2.00 S26649 AHR-255 2025FA Indoor Air Quality 1.00 2.00 0.00 2.00 S23524 BAT-111 2013FA Building Automation Systems 1.00 3.00 0.00 2.00 MAJ Other Required Pick > Take 2 credits From S26648 AHR-250 2025FA HVAC System Diagnostics 0.00 4.00 0.00 2.00 S23795 WBL-112 2014FA Work-Based Learning I 0.00 0.00 20.00 2.00 (69.00),ok,,Work-Based Learning I
A35130,Electrical System Technology,TRD,2026,66.0,General Education Requirements,general_education_choice,MAT110,3,A35130::GE Required Courses,3.0,2026_POS_Reduced.xlsx,833,Class Lab Clinc/Exp Credits 1) General Education Requirements (15.00) GE Required Courses > Take 3 credits From S26398 MAT-110 2025SP Math Measurement & Literacy MA-AAS 2.00 2.00 0.00 3.00 GE Required ENG Pick > Take 3 credits,ok,,Math Measurement & Literacy MA-AAS
A35130,Electrical System Technology,TRD,2026,66.0,General Education Requirements,general_education_choice,ENG110,3,A35130::GE Required ENG Pick,3.0,2026_POS_Reduced.xlsx,834,From S26392 ENG-110,ok,,Freshman Composition
A35130,Electrical System Technology,TRD,2026,66.0,General Education Requirements,general_education_choice,ENG111,3,A35130::GE Required ENG Pick,3.0,2026_POS_Reduced.xlsx,835,S26393 ENG-111,ok,,Writing and Inquiry
A35130,Electrical System Technology,TRD,2026,66.0,General Education Requirements,general_education_choice,COM120,3,A35130::GE Required COM Pick,3.0,2026_POS_Reduced.xlsx,837,From S21722 COM-120,ok,,Intro Interpersonal Com
A35130,Electrical System Technology,TRD,2026,66.0,General Education Requirements,general_education_choice,COM231,3,A35130::GE Required COM Pick,3.0,2026_POS_Reduced.xlsx,838,S12601 COM-231,ok,,Public Speaking
A35130,Electrical System Technology,TRD,2026,66.0,General Education Requirements,general_education_choice,ART111,3,A35130::HUM/FINE ARTS PICK,3.0,2026_POS_Reduced.xlsx,841,From S10139 ART-111,ok,,Art Appreciation
A35130,Electrical System Technology,TRD,2026,66.0,General Education Requirements,general_education_choice,ART114,3,A35130::HUM/FINE ARTS PICK,3.0,2026_POS_Reduced.xlsx,842,S10200 ART-114,ok,,Art History Survey I
A35130,Electrical System Technology,TRD,2026,66.0,General Education Requirements,general_education_choice,ART115,3,A35130::HUM/FINE ARTS PICK,3.0,2026_POS_Reduced.xlsx,843,S10149 ART-115,ok,,Art History Survey II
A35130,Electrical System Technology,TRD,2026,66.0,General Education Requirements,general_education_choice,ART116,3,A35130::HUM/FINE ARTS PICK,3.0,2026_POS_Reduced.xlsx,844,S10174 ART-116,ok,,Survey of American Art
A35130,Electrical System Technology,TRD,2026,66.0,General Education Requirements,general_education_choice,ART117,3,A35130::HUM/FINE ARTS PICK,3.0,2026_POS_Reduced.xlsx,845,S10125 ART-117,ok,,Non-Western Art History
A35130,Electrical System Technology,TRD,2026,66.0,General Education Requirements,general_education_choice,ART121,3,A35130::HUM/FINE ARTS PICK,3.0,2026_POS_Reduced.xlsx,846,S23014 ART-121,ok,,Two-Dimensional Design
A35130,Electrical System Technology,TRD,2026,66.0,General Education Requirements,general_education_choice,ART131,3,A35130::HUM/FINE ARTS PICK,3.0,2026_POS_Reduced.xlsx,847,S10812 ART-131,ok,,Drawing I
A35130,Electrical System Technology,TRD,2026,66.0,General Education Requirements,general_education_choice,ART171,3,A35130::HUM/FINE ARTS PICK,3.0,2026_POS_Reduced.xlsx,848,S25231 ART-171,ok,,Digital Design I
A35130,Electrical System Technology,TRD,2026,66.0,General Education Requirements,general_education_choice,ART240,3,A35130::HUM/FINE ARTS PICK,3.0,2026_POS_Reduced.xlsx,849,S11426 ART-240,ok,,Painting I
A35130,Electrical System Technology,TRD,2026,66.0,General Education Requirements,general_education_choice,ART241,3,A35130::HUM/FINE ARTS PICK,3.0,2026_POS_Reduced.xlsx,850,S11518 ART-241,ok,,Painting II
A35130,Electrical System Technology,TRD,2026,66.0,General Education Requirements,general_education_choice,ART244,3,A35130::HUM/FINE ARTS PICK,3.0,2026_POS_Reduced.xlsx,851,S11425 ART-244,ok,,Watercolor
A35130,Electrical System Technology,TRD,2026,66.0,General Education Requirements,general_education_choice,ART281,3,A35130::HUM/FINE ARTS PICK,3.0,2026_POS_Reduced.xlsx,852,S16229 ART-281,ok,,Sculpture I
A35130,Electrical System Technology,TRD,2026,66.0,General Education Requirements,general_education_choice,ART283,3,A35130::HUM/FINE ARTS PICK,3.0,2026_POS_Reduced.xlsx,853,S11998 ART-283,ok,,Ceramics I
A35130,Electrical System Technology,TRD,2026,66.0,General Education Requirements,general_education_choice,ART288,3,A35130::HUM/FINE ARTS PICK,3.0,2026_POS_Reduced.xlsx,854,S12053 ART-288,ok,,Studio
A35130,Electrical System Technology,TRD,2026,66.0,General Education Requirements,general_education_choice,DAN110,3,A35130::HUM/FINE ARTS PICK,3.0,2026_POS_Reduced.xlsx,855,S11905 DAN-110,ok,,Dance Appreciation
A35130,Electrical System Technology,TRD,2026,66.0,General Education Requirements,general_education_choice,DRA111,3,A35130::HUM/FINE ARTS PICK,3.0,2026_POS_Reduced.xlsx,856,S11248 DRA-111,ok,,Theatre Appreciation
A35130,Electrical System Technology,TRD,2026,66.0,General Education Requirements,general_education_choice,DRA112,3,A35130::HUM/FINE ARTS PICK,3.0,2026_POS_Reduced.xlsx,857,S10971 DRA-112,ok,,Literature of the Theatre
A35130,Electrical System Technology,TRD,2026,66.0,General Education Requirements,general_education_choice,DRA115,3,A35130::HUM/FINE ARTS PICK,3.0,2026_POS_Reduced.xlsx,858,S11238 DRA-115,ok,,Theatre Criticism
A35130,Electrical System Technology,TRD,2026,66.0,General Education Requirements,general_education_choice,DRA122,3,A35130::HUM/FINE ARTS PICK,3.0,2026_POS_Reduced.xlsx,859,S12397 DRA-122,ok,,Oral Interpretation
A35130,Electrical System Technology,TRD,2026,66.0,General Education Requirements,general_education_choice,DRA126,3,A35130::HUM/FINE ARTS PICK,3.0,2026_POS_Reduced.xlsx,860,S12896 DRA-126,ok,,Storytelling
A35130,Electrical System Technology,TRD,2026,66.0,General Education Requirements,general_education_choice,DRA211,3,A35130::HUM/FINE ARTS PICK,3.0,2026_POS_Reduced.xlsx,861,S10268 DRA-211,ok,,Theatre History I
A35130,Electrical System Technology,TRD,2026,66.0,General Education Requirements,general_education_choice,DRA212,3,A35130::HUM/FINE ARTS PICK,3.0,2026_POS_Reduced.xlsx,862,S10226 DRA-212,ok,,Theatre History II
A35130,Electrical System Technology,TRD,2026,66.0,General Education Requirements,general_education_choice,HUM110,3,A35130::HUM/FINE ARTS PICK,3.0,2026_POS_Reduced.xlsx,863,S14059 HUM-110,ok,,Technology and Society
A35130,Electrical System Technology,TRD,2026,66.0,General Education Requirements,general_education_choice,HUM115,3,A35130::HUM/FINE ARTS PICK,3.0,2026_POS_Reduced.xlsx,864,S26396 HUM-115,ok,,Critical Thinking
A35130,Electrical System Technology,TRD,2026,66.0,General Education Requirements,general_education_choice,HUM120,3,A35130::HUM/FINE ARTS PICK,3.0,2026_POS_Reduced.xlsx,865,S12973 HUM-120,ok,,Cultural Studies
A35130,Electrical System Technology,TRD,2026,66.0,General Education Requirements,general_education_choice,HUM121,3,A35130::HUM/FINE ARTS PICK,3.0,2026_POS_Reduced.xlsx,866,S13080 HUM-121,ok,,The Nature of America
A35130,Electrical System Technology,TRD,2026,66.0,General Education Requirements,general_education_choice,HUM122,3,A35130::HUM/FINE ARTS PICK,3.0,2026_POS_Reduced.xlsx,867,S13030 HUM-122,ok,,Southern Culture
A35130,Electrical System Technology,TRD,2026,66.0,General Education Requirements,general_education_choice,HUM130,3,A35130::HUM/FINE ARTS PICK,3.0,2026_POS_Reduced.xlsx,868,S13721 HUM-130,ok,,Myth in Human Culture
A35130,Electrical System Technology,TRD,2026,66.0,General Education Requirements,general_education_choice,HUM150,3,A35130::HUM/FINE ARTS PICK,3.0,2026_POS_Reduced.xlsx,869,S11249 HUM-150,ok,,American Women's Studies
A35130,Electrical System Technology,TRD,2026,66.0,General Education Requirements,general_education_choice,HUM160,3,A35130::HUM/FINE ARTS PICK,3.0,2026_POS_Reduced.xlsx,870,S16395 HUM-160,ok,,Introduction to Film
A35130,Electrical System Technology,TRD,2026,66.0,General Education Requirements,general_education_choice,HUM170,3,A35130::HUM/FINE ARTS PICK,3.0,2026_POS_Reduced.xlsx,871,S13684 HUM-170,ok,,The Holocaust
A35130,Electrical System Technology,TRD,2026,66.0,General Education Requirements,general_education_choice,HUM211,3,A35130::HUM/FINE ARTS PICK,3.0,2026_POS_Reduced.xlsx,872,S10430 HUM-211,ok,,Humanities I
A35130,Electrical System Technology,TRD,2026,66.0,General Education Requirements,general_education_choice,HUM212,3,A35130::HUM/FINE ARTS PICK,3.0,2026_POS_Reduced.xlsx,873,S10487 HUM-212,ok,,Humanities II
A35130,Electrical System Technology,TRD,2026,66.0,General Education Requirements,general_education_choice,HUM220,3,A35130::HUM/FINE ARTS PICK,3.0,2026_POS_Reduced.xlsx,874,S11527 HUM-220,ok,,Human Values and Meaning
A35130,Electrical System Technology,TRD,2026,66.0,General Education Requirements,general_education_choice,HUM230,3,A35130::HUM/FINE ARTS PICK,3.0,2026_POS_Reduced.xlsx,875,S11154 HUM-230,ok,,Leadership Development
A35130,Electrical System Technology,TRD,2026,66.0,General Education Requirements,general_education_choice,MUS110,3,A35130::HUM/FINE ARTS PICK,3.0,2026_POS_Reduced.xlsx,876,S13676 MUS-110,ok,,Music Appreciation
A35130,Electrical System Technology,TRD,2026,66.0,General Education Requirements,general_education_choice,MUS112,3,A35130::HUM/FINE ARTS PICK,3.0,2026_POS_Reduced.xlsx,877,S13646 MUS-112,ok,,Introduction to Jazz
A35130,Electrical System Technology,TRD,2026,66.0,General Education Requirements,general_education_choice,MUS113,3,A35130::HUM/FINE ARTS PICK,3.0,2026_POS_Reduced.xlsx,878,S13699 MUS-113,ok,,American Music
A35130,Electrical System Technology,TRD,2026,66.0,General Education Requirements,general_education_choice,MUS114,3,A35130::HUM/FINE ARTS PICK,3.0,2026_POS_Reduced.xlsx,879,S25735 MUS-114,ok,,Introduction to World Music
A35130,Electrical System Technology,TRD,2026,66.0,General Education Requirements,general_education_choice,MUS213,3,A35130::HUM/FINE ARTS PICK,3.0,2026_POS_Reduced.xlsx,881,S13978 MUS-213,ok,,Opera and Musical Theatre
A35130,Electrical System Technology,TRD,2026,66.0,General Education Requirements,general_education_choice,PHI210,3,A35130::HUM/FINE ARTS PICK,3.0,2026_POS_Reduced.xlsx,882,S14081 PHI-210,ok,,History of Philosophy
A35130,Electrical System Technology,TRD,2026,66.0,General Education Requirements,general_education_choice,PHI215,3,A35130::HUM/FINE ARTS PICK,3.0,2026_POS_Reduced.xlsx,883,S24028 PHI-215,ok,,Philosophical Issues
A35130,Electrical System Technology,TRD,2026,66.0,General Education Requirements,general_education_choice,PHI220,3,A35130::HUM/FINE ARTS PICK,3.0,2026_POS_Reduced.xlsx,884,S13045 PHI-220,ok,,Western Philosophy I
A35130,Electrical System Technology,TRD,2026,66.0,General Education Requirements,general_education_choice,PHI221,3,A35130::HUM/FINE ARTS PICK,3.0,2026_POS_Reduced.xlsx,885,S12988 PHI-221,ok,,Western Philosophy II
A35130,Electrical System Technology,TRD,2026,66.0,General Education Requirements,general_education_choice,PHI230,3,A35130::HUM/FINE ARTS PICK,3.0,2026_POS_Reduced.xlsx,886,S13741 PHI-230,ok,,Introduction to Logic
A35130,Electrical System Technology,TRD,2026,66.0,General Education Requirements,general_education_choice,PHI240,3,A35130::HUM/FINE ARTS PICK,3.0,2026_POS_Reduced.xlsx,887,S24029 PHI-240,ok,,Introduction to Ethics
A35130,Electrical System Technology,TRD,2026,66.0,General Education Requirements,general_education_choice,REL110,3,A35130::HUM/FINE ARTS PICK,3.0,2026_POS_Reduced.xlsx,888,S13256 REL-110,ok,,World Religions
A35130,Electrical System Technology,TRD,2026,66.0,General Education Requirements,general_education_choice,REL111,3,A35130::HUM/FINE ARTS PICK,3.0,2026_POS_Reduced.xlsx,889,S13358 REL-111,ok,,Eastern Religions
A35130,Electrical System Technology,TRD,2026,66.0,General Education Requirements,general_education_choice,REL112,3,A35130::HUM/FINE ARTS PICK,3.0,2026_POS_Reduced.xlsx,890,S13280 REL-112,ok,,Western Religions
A35130,Electrical System Technology,TRD,2026,66.0,General Education Requirements,general_education_choice,REL211,3,A35130::HUM/FINE ARTS PICK,3.0,2026_POS_Reduced.xlsx,891,S11707 REL-211,ok,,Intro to Old Testament
A35130,Electrical System Technology,TRD,2026,66.0,General Education Requirements,general_education_choice,REL212,3,A35130::HUM/FINE ARTS PICK,3.0,2026_POS_Reduced.xlsx,892,S11723 REL-212,ok,,Intro to New Testament
A35130,Electrical System Technology,TRD,2026,66.0,General Education Requirements,general_education_choice,REL221,3,A35130::HUM/FINE ARTS PICK,3.0,2026_POS_Reduced.xlsx,893,S11026 REL-221,ok,,Religion in America
A35130,Electrical System Technology,TRD,2026,66.0,General Education Requirements,general_education_choice,ANT210,3,A35130::Take From SCI PICK,3.0,2026_POS_Reduced.xlsx,894,SOC/BEHAV > Take From SCI PICK 3 credits S13262 ANT-210,ok,,General Anthropology
A35130,Electrical System Technology,TRD,2026,66.0,General Education Requirements,general_education_choice,ANT220,3,A35130::Take From SCI PICK,3.0,2026_POS_Reduced.xlsx,895,S10526 ANT-220,ok,,Cultural Anthropology
A35130,Electrical System Technology,TRD,2026,66.0,General Education Requirements,general_education_choice,ANT221,3,A35130::Take From SCI PICK,3.0,2026_POS_Reduced.xlsx,896,S10536 ANT-221,ok,,Comparative Cultures
A35130,Electrical System Technology,TRD,2026,66.0,General Education Requirements,general_education_choice,ANT230,3,A35130::Take From SCI PICK,3.0,2026_POS_Reduced.xlsx,897,S11533 ANT-230,ok,,Physical Anthropology
A35130,Electrical System Technology,TRD,2026,66.0,General Education Requirements,general_education_choice,ANT240,3,A35130::Take From SCI PICK,3.0,2026_POS_Reduced.xlsx,898,S10965 ANT-240,ok,,Archaeology
A35130,Electrical System Technology,TRD,2026,66.0,General Education Requirements,general_education_choice,ECO151,3,A35130::Take From SCI PICK,3.0,2026_POS_Reduced.xlsx,899,S13257 ECO-151,ok,,Survey of Economics
A35130,Electrical System Technology,TRD,2026,66.0,General Education Requirements,general_education_choice,ECO252,3,A35130::Take From SCI PICK,3.0,2026_POS_Reduced.xlsx,900,S11710 ECO-252,ok,,Prin of Macroeconomics
A35130,Electrical System Technology,TRD,2026,66.0,General Education Requirements,general_education_choice,GEO110,3,A35130::Take From SCI PICK,3.0,2026_POS_Reduced.xlsx,901,S13710 GEO-110,ok,,Introduction to Geography
A35130,Electrical System Technology,TRD,2026,66.0,General Education Requirements,general_education_choice,GEO111,3,A35130::Take From SCI PICK,3.0,2026_POS_Reduced.xlsx,902,S13742 GEO-111,ok,,World Regional Geography
A35130,Electrical System Technology,TRD,2026,66.0,General Education Requirements,general_education_choice,GEO112,3,A35130::Take From SCI PICK,3.0,2026_POS_Reduced.xlsx,903,S13729 GEO-112,ok,,Cultural Geography
A35130,Electrical System Technology,TRD,2026,66.0,General Education Requirements,general_education_choice,GEO113,3,A35130::Take From SCI PICK,3.0,2026_POS_Reduced.xlsx,904,S13733 GEO-113,ok,,Economic Geography
A35130,Electrical System Technology,TRD,2026,66.0,General Education Requirements,general_education_choice,GEO121,3,A35130::Take From SCI PICK,3.0,2026_POS_Reduced.xlsx,905,S11375 GEO-121,ok,,North Carolina Geography
A35130,Electrical System Technology,TRD,2026,66.0,General Education Requirements,general_education_choice,GEO130,3,A35130::Take From SCI PICK,3.0,2026_POS_Reduced.xlsx,906,S11264 GEO-130,ok,,General Physical Geography
A35130,Electrical System Technology,TRD,2026,66.0,General Education Requirements,general_education_choice,GEO131,4,A35130::Take From SCI PICK,3.0,2026_POS_Reduced.xlsx,907,S11231 GEO-131,ok,,Physical Geography I
A35130,Electrical System Technology,TRD,2026,66.0,General Education Requirements,general_education_choice,GEO132,4,A35130::Take From SCI PICK,3.0,2026_POS_Reduced.xlsx,908,S11233 GEO-132,ok,,Physical Geography II
A35130,Electrical System Technology,TRD,2026,66.0,General Education Requirements,general_education_choice,HIS111,3,A35130::Take From SCI PICK,3.0,2026_POS_Reduced.xlsx,909,S10799 HIS-111,ok,,World Civilizations I
A35130,Electrical System Technology,TRD,2026,66.0,General Education Requirements,general_education_choice,HIS112,3,A35130::Take From SCI PICK,3.0,2026_POS_Reduced.xlsx,910,S10844 HIS-112,ok,,World Civilizations II
A35130,Electrical System Technology,TRD,2026,66.0,General Education Requirements,general_education_choice,HIS115,3,A35130::Take From SCI PICK,3.0,2026_POS_Reduced.xlsx,911,S10822 HIS-115,ok,,Intro to Global History
A35130,Electrical System Technology,TRD,2026,66.0,General Education Requirements,general_education_choice,HIS116,3,A35130::Take From SCI PICK,3.0,2026_POS_Reduced.xlsx,912,S10826 HIS-116,ok,,Current World Problems
A35130,Electrical System Technology,TRD,2026,66.0,General Education Requirements,general_education_choice,HIS121,3,A35130::Take From SCI PICK,3.0,2026_POS_Reduced.xlsx,913,S13000 HIS-121,ok,,Western Civilization I
A35130,Electrical System Technology,TRD,2026,66.0,General Education Requirements,general_education_choice,HIS122,3,A35130::Take From SCI PICK,3.0,2026_POS_Reduced.xlsx,914,S13096 HIS-122,ok,,Western Civilization II
A35130,Electrical System Technology,TRD,2026,66.0,General Education Requirements,general_education_choice,HIS131,3,A35130::Take From SCI PICK,3.0,2026_POS_Reduced.xlsx,915,S10372 HIS-131,ok,,American History I
A35130,Electrical System Technology,TRD,2026,66.0,General Education Requirements,general_education_choice,HIS132,3,A35130::Take From SCI PICK,3.0,2026_POS_Reduced.xlsx,916,S10386 HIS-132,ok,,American History II
A35130,Electrical System Technology,TRD,2026,66.0,General Education Requirements,general_education_choice,HIS162,3,A35130::Take From SCI PICK,3.0,2026_POS_Reduced.xlsx,917,S12886 HIS-162,ok,,Women and History
A35130,Electrical System Technology,TRD,2026,66.0,General Education Requirements,general_education_choice,HIS221,3,A35130::Take From SCI PICK,3.0,2026_POS_Reduced.xlsx,918,S11507 HIS-221,ok,,African-American History
A35130,Electrical System Technology,TRD,2026,66.0,General Education Requirements,general_education_choice,HIS222,3,A35130::Take From SCI PICK,3.0,2026_POS_Reduced.xlsx,919,S11465 HIS-222,ok,,African-American Hist I
A35130,Electrical System Technology,TRD,2026,66.0,General Education Requirements,general_education_choice,HIS223,3,A35130::Take From SCI PICK,3.0,2026_POS_Reduced.xlsx,920,S11488 HIS-223,ok,,African-American Hist II
A35130,Electrical System Technology,TRD,2026,66.0,General Education Requirements,general_education_choice,HIS226,3,A35130::Take From SCI PICK,3.0,2026_POS_Reduced.xlsx,921,S11444 HIS-226,ok,,The Civil War
A35130,Electrical System Technology,TRD,2026,66.0,General Education Requirements,general_education_choice,HIS236,3,A35130::Take From SCI PICK,3.0,2026_POS_Reduced.xlsx,922,S11126 HIS-236,ok,,North Carolina History
A35130,Electrical System Technology,TRD,2026,66.0,General Education Requirements,general_education_choice,POL110,3,A35130::Take From SCI PICK,3.0,2026_POS_Reduced.xlsx,923,S13770 POL-110,ok,,Intro Political Science
A35130,Electrical System Technology,TRD,2026,66.0,General Education Requirements,general_education_choice,POL120,3,A35130::Take From SCI PICK,3.0,2026_POS_Reduced.xlsx,924,S24030 POL-120,ok,,American Government
A35130,Electrical System Technology,TRD,2026,66.0,General Education Requirements,general_education_choice,POL130,3,A35130::Take From SCI PICK,3.0,2026_POS_Reduced.xlsx,925,S14316 POL-130,ok,,State & Local Government
A35130,Electrical System Technology,TRD,2026,66.0,General Education Requirements,general_education_choice,POL210,3,A35130::Take From SCI PICK,3.0,2026_POS_Reduced.xlsx,926,S14332 POL-210,ok,,Comparative Government
A35130,Electrical System Technology,TRD,2026,66.0,General Education Requirements,general_education_choice,POL220,3,A35130::Take From SCI PICK,3.0,2026_POS_Reduced.xlsx,927,S12877 POL-220,ok,,International Relations
A35130,Electrical System Technology,TRD,2026,66.0,General Education Requirements,general_education_choice,PSY110,3,A35130::Take From SCI PICK,3.0,2026_POS_Reduced.xlsx,928,S11017 PSY-110,ok,,Life Span Development
A35130,Electrical System Technology,TRD,2026,66.0,General Education Requirements,general_education_choice,PSY118,3,A35130::Take From SCI PICK,3.0,2026_POS_Reduced.xlsx,929,S11025 PSY-118,ok,,Interpersonal Psychology
A35130,Electrical System Technology,TRD,2026,66.0,General Education Requirements,general_education_choice,PSY141,3,A35130::Take From SCI PICK,3.0,2026_POS_Reduced.xlsx,930,S12181 PSY-141,ok,,Psych of Death and Dying
A35130,Electrical System Technology,TRD,2026,66.0,General Education Requirements,general_education_choice,PSY150,3,A35130::Take From SCI PICK,3.0,2026_POS_Reduced.xlsx,931,S10777 PSY-150,ok,,General Psychology
A35130,Electrical System Technology,TRD,2026,66.0,General Education Requirements,general_education_choice,PSY211,3,A35130::Take From SCI PICK,3.0,2026_POS_Reduced.xlsx,932,S10085 PSY-211,ok,,Psychology of Adjustment
A35130,Electrical System Technology,TRD,2026,66.0,General Education Requirements,general_education_choice,PSY237,3,A35130::Take From SCI PICK,3.0,2026_POS_Reduced.xlsx,933,S10878 PSY-237,ok,,Social Psychology
A35130,Electrical System Technology,TRD,2026,66.0,General Education Requirements,general_education_choice,PSY239,3,A35130::Take From SCI PICK,3.0,2026_POS_Reduced.xlsx,934,S10904 PSY-239,ok,,Psychology of Personality
A35130,Electrical System Technology,TRD,2026,66.0,General Education Requirements,general_education_choice,PSY241,3,A35130::Take From SCI PICK,3.0,2026_POS_Reduced.xlsx,936,S13114 PSY-241,ok,,Developmental Psych
A35130,Electrical System Technology,TRD,2026,66.0,General Education Requirements,general_education_choice,PSY243,3,A35130::Take From SCI PICK,3.0,2026_POS_Reduced.xlsx,937,S13165 PSY-243,ok,,Child Psychology
A35130,Electrical System Technology,TRD,2026,66.0,General Education Requirements,general_education_choice,PSY246,3,A35130::Take From SCI PICK,3.0,2026_POS_Reduced.xlsx,938,S13226 PSY-246,ok,,Adolescent Psychology
A35130,Electrical System Technology,TRD,2026,66.0,General Education Requirements,general_education_choice,PSY249,3,A35130::Take From SCI PICK,3.0,2026_POS_Reduced.xlsx,939,S13106 PSY-249,ok,,Psychology of Aging
A35130,Electrical System Technology,TRD,2026,66.0,General Education Requirements,general_education_choice,PSY255,3,A35130::Take From SCI PICK,3.0,2026_POS_Reduced.xlsx,940,S10456 PSY-255,ok,,Intro to Exceptionality
A35130,Electrical System Technology,TRD,2026,66.0,General Education Requirements,general_education_choice,PSY259,3,A35130::Take From SCI PICK,3.0,2026_POS_Reduced.xlsx,941,S10448 PSY-259,ok,,Human Sexuality
A35130,Electrical System Technology,TRD,2026,66.0,General Education Requirements,general_education_choice,PSY263,3,A35130::Take From SCI PICK,3.0,2026_POS_Reduced.xlsx,942,S11448 PSY-263,ok,,Educational Psychology
A35130,Electrical System Technology,TRD,2026,66.0,General Education Requirements,general_education_choice,PSY265,3,A35130::Take From SCI PICK,3.0,2026_POS_Reduced.xlsx,943,S11424 PSY-265,ok,,Behavioral Modification
A35130,Electrical System Technology,TRD,2026,66.0,General Education Requirements,general_education_choice,PSY271,3,A35130::Take From SCI PICK,3.0,2026_POS_Reduced.xlsx,944,S11142 PSY-271,ok,,Sports Psychology
A35130,Electrical System Technology,TRD,2026,66.0,General Education Requirements,general_education_choice,PSY275,3,A35130::Take From SCI PICK,3.0,2026_POS_Reduced.xlsx,945,S11131 PSY-275,ok,,Health Psychology
A35130,Electrical System Technology,TRD,2026,66.0,General Education Requirements,general_education_choice,PSY281,3,A35130::Take From SCI PICK,3.0,2026_POS_Reduced.xlsx,946,S12906 PSY-281,ok,,Abnormal Psychology
A35130,Electrical System Technology,TRD,2026,66.0,General Education Requirements,general_education_choice,SOC210,3,A35130::Take From SCI PICK,3.0,2026_POS_Reduced.xlsx,947,S11919 SOC-210,ok,,Introduction to Sociology
A35130,Electrical System Technology,TRD,2026,66.0,General Education Requirements,general_education_choice,SOC213,3,A35130::Take From SCI PICK,3.0,2026_POS_Reduced.xlsx,948,S11798 SOC-213,ok,,Sociology of the Family
A35130,Electrical System Technology,TRD,2026,66.0,General Education Requirements,general_education_choice,SOC220,3,A35130::Take From SCI PICK,3.0,2026_POS_Reduced.xlsx,949,S13948 SOC-220,ok,,Social Problems
A35130,Electrical System Technology,TRD,2026,66.0,General Education Requirements,general_education_choice,SOC225,3,A35130::Take From SCI PICK,3.0,2026_POS_Reduced.xlsx,950,S13923 SOC-225,ok,,Social Diversity
A35130,Electrical System Technology,TRD,2026,66.0,General Education Requirements,general_education_choice,SOC230,3,A35130::Take From SCI PICK,3.0,2026_POS_Reduced.xlsx,951,S13407 SOC-230,ok,,Race and Ethnic Relations
A35130,Electrical System Technology,TRD,2026,66.0,General Education Requirements,general_education_choice,SOC232,3,A35130::Take From SCI PICK,3.0,2026_POS_Reduced.xlsx,952,S13373 SOC-232,ok,,Social Context of Aging
A35130,Electrical System Technology,TRD,2026,66.0,General Education Requirements,general_education_choice,SOC240,3,A35130::Take From SCI PICK,3.0,2026_POS_Reduced.xlsx,953,S13849 SOC-240,ok,,Social Psychology
A35130,Electrical System Technology,TRD,2026,66.0,General Education Requirements,general_education_choice,SOC244,3,A35130::Take From SCI PICK,3.0,2026_POS_Reduced.xlsx,954,S13843 SOC-244,ok,,Soc of Death & Dying
A35130,Electrical System Technology,TRD,2026,66.0,General Education Requirements,general_education_choice,SOC250,3,A35130::Take From SCI PICK,3.0,2026_POS_Reduced.xlsx,955,S11715 SOC-250,ok,,Sociology of Religion
A35130,Electrical System Technology,TRD,2026,66.0,Major Requirements,major_required,ELC112,5,A35130::MAJ Required Courses,16.0,2026_POS_Reduced.xlsx,957,From S26663 ELC-112,ok,,DC/AC Electricity
A35130,Electrical System Technology,TRD,2026,66.0,Major Requirements,major_required,ELC113,4,A35130::MAJ Required Courses,16.0,2026_POS_Reduced.xlsx,958,S26664 ELC-113,ok,,Residential Wiring
A35130,Electrical System Technology,TRD,2026,66.0,Major Requirements,major_required,ELC117,4,A35130::MAJ Required Courses,16.0,2026_POS_Reduced.xlsx,959,S23521 ELC-117,ok,,Motors and Controls
A35130,Electrical System Technology,TRD,2026,66.0,Major Requirements,major_required,ELC128,3,A35130::MAJ Required Courses,16.0,2026_POS_Reduced.xlsx,960,S23522 ELC-128,ok,,Intro to PLC
A35130,Electrical System Technology,TRD,2026,66.0,Concentration Requirements,major_required,ELC114,4,A35130::MAJCO Required Courses,13.0,2026_POS_Reduced.xlsx,962,From S26665 ELC-114,ok,,Commercial Wiring
A35130,Electrical System Technology,TRD,2026,66.0,Concentration Requirements,major_required,ELC121,2,A35130::MAJCO Required Courses,13.0,2026_POS_Reduced.xlsx,963,S21591 ELC-121,ok,,Electrical Estimating
A35130,Electrical System Technology,TRD,2026,66.0,Concentration Requirements,major_required,ELC122,4,A35130::MAJCO Required Courses,13.0,2026_POS_Reduced.xlsx,964,S23685 ELC-122,ok,,Advanced Residential Wiring
A35130,Electrical System Technology,TRD,2026,66.0,Concentration Requirements,major_required,ELC220,3,A35130::MAJCO Required Courses,13.0,2026_POS_Reduced.xlsx,965,S23449 ELC-220,ok,,Photovoltaic Sys Tech
A35130,Electrical System Technology,TRD,2026,66.0,Other Major Requirements,major_required,BPR130,3,A35130::MAJ Other Rquired Courses,18.0,2026_POS_Reduced.xlsx,967,From S23275 BPR-130,ok,,Print Reading-Construction
A35130,Electrical System Technology,TRD,2026,66.0,Other Major Requirements,major_required,BUS110,3,A35130::MAJ Other Rquired Courses,18.0,2026_POS_Reduced.xlsx,968,S24149 BUS-110,ok,,Introduction to Business
A35130,Electrical System Technology,TRD,2026,66.0,Other Major Requirements,major_required,CIS110,3,A35130::MAJ Other Rquired Courses,18.0,2026_POS_Reduced.xlsx,969,S21058 CIS-110,ok,,Introduction to Computers
A35130,Electrical System Technology,TRD,2026,66.0,Other Major Requirements,major_required,ELC118,2,A35130::MAJ Other Rquired Courses,18.0,2026_POS_Reduced.xlsx,970,S11926 ELC-118,ok,,National Electrical Code
A35130,Electrical System Technology,TRD,2026,66.0,Other Major Requirements,major_required,ELC119,2,A35130::MAJ Other Rquired Courses,18.0,2026_POS_Reduced.xlsx,971,S11833 ELC-119,ok,,NEC Calculations
A35130,Electrical System Technology,TRD,2026,66.0,Other Major Requirements,major_required,ELC234,3,A35130::MAJ Other Rquired Courses,18.0,2026_POS_Reduced.xlsx,972,S21605 ELC-234,ok,,Electrical System Design
A35130,Electrical System Technology,TRD,2026,66.0,Other Major Requirements,major_required,ISC115,2,A35130::MAJ Other Rquired Courses,18.0,2026_POS_Reduced.xlsx,973,S12852 ISC-115,ok,,Construction Safety
A35130,Electrical System Technology,TRD,2026,66.0,Other Major Requirements,major_choice,AHR120,2,A35130::MAJ Other Required Pick,3.0,2026_POS_Reduced.xlsx,975,From S13153 AHR-120,ok,,
A35130,Electrical System Technology,TRD,2026,66.0,Other Major Requirements,major_choice,BUS135,3,A35130::MAJ Other Required Pick,3.0,2026_POS_Reduced.xlsx,976,S12738 BUS-135,ok,,
A35130,Electrical System Technology,TRD,2026,66.0,Other Major Requirements,major_choice,BUS230,3,A35130::MAJ Other Required Pick,3.0,2026_POS_Reduced.xlsx,977,S11937 BUS-230,ok,,
A35130,Electrical System Technology,TRD,2026,66.0,Other Major Requirements,major_choice,CST241,3,A35130::MAJ Other Required Pick,3.0,2026_POS_Reduced.xlsx,978,S26651 CST-241,ok,,
A35130,Electrical System Technology,TRD,2026,66.0,Other Major Requirements,major_choice,ELC215,3,A35130::MAJ Other Required Pick,3.0,2026_POS_Reduced.xlsx,979,S21599 ELC-215,ok,,
A35130,Electrical System Technology,TRD,2026,66.0,Other Major Requirements,major_choice,PLU115,4,A35130::MAJ Other Required Pick,3.0,2026_POS_Reduced.xlsx,980,S22566 PLU-115,ok,,
A35130,Electrical System Technology,TRD,2026,66.0,Other Major Requirements,major_choice,SST140,3,A35130::MAJ Other Required Pick,3.0,2026_POS_Reduced.xlsx,981,S23302 SST-140,ok,,
A35130,Electrical System Technology,TRD,2026,66.0,Other Major Requirements,major_choice,WLD112,2,A35130::MAJ Other Required Pick,3.0,2026_POS_Reduced.xlsx,983,S10926 WLD-112,ok,,Basic Welding Processes
A35130,Electrical System Technology,TRD,2026,66.0,Other Major Requirements,major_choice,WBL111,1,A35130::MAJ Other Required Pick,3.0,2026_POS_Reduced.xlsx,984,S23794 WBL-111,ok,,Work-Based Learning I
A35130,Electrical System Technology,TRD,2026,66.0,Other Major Requirements,major_choice,WBL112,2,A35130::MAJ Other Required Pick,3.0,2026_POS_Reduced.xlsx,985,S23795 WBL-112,ok,,Work-Based Learning I
A35130,Electrical System Technology,TRD,2026,66.0,Other Major Requirements,major_choice,WBL113,3,A35130::MAJ Other Required Pick,3.0,2026_POS_Reduced.xlsx,986,S23797 WBL-113,ok,,Work-Based Learning I
A35130,Electrical System Technology,TRD,2026,66.0,Other Major Requirements,major_choice,WBL121,1,A35130::MAJ Other Required Pick,3.0,2026_POS_Reduced.xlsx,987,S23800 WBL-121,ok,,Work-Based Learning II
A35130,Electrical System Technology,TRD,2026,66.0,Other Major Requirements,major_choice,WBL122,2,A35130::MAJ Other Required Pick,3.0,2026_POS_Reduced.xlsx,988,S23801 WBL-122,ok,,Work-Based Learning II
A35130,Electrical System Technology,TRD,2026,66.0,Other Major Requirements,major_choice,WBL131,1,A35130::MAJ Other Required Pick,3.0,2026_POS_Reduced.xlsx,989,S23805 WBL-131,ok,,Work-Based Learning III
A35130,Electrical System Technology,TRD,2026,66.0,Other Major Requirements,major_choice,ACA120,1,A35130::Take From Req ACA 1 credit S12380 Pick,1.0,2026_POS_Reduced.xlsx,990,MAJ Other > Take From Req ACA 1 credit S12380 Pick ACA-120,ok,,Career Assessment
A35130,Electrical System Technology,TRD,2026,66.0,Other Major Requirements,major_choice,ACA122,1,A35130::Take From Req ACA 1 credit S12380 Pick,1.0,2026_POS_Reduced.xlsx,991,S26592 ACA-122,ok,,Transfer & Career Success
A45340,Emergency Medical Science,TRD,2026,70.0,General Education Requirements,general_education_choice,ENG111,3,A45340::C GE Required Courses,6.0,2026_POS_Reduced.xlsx,996,From S26393 ENG-111,ok,,Writing and Inquiry
A45340,Emergency Medical Science,TRD,2026,70.0,General Education Requirements,general_education_choice,PSY150,3,A45340::C GE Required Courses,6.0,2026_POS_Reduced.xlsx,997,S10777 PSY-150,ok,,General Psychology
A45340,Emergency Medical Science,TRD,2026,70.0,General Education Requirements,general_education_choice,MAT110,3,A45340::C GE Required Courses,3.0,2026_POS_Reduced.xlsx,998,GE Required NatSci/Mat Pic > Take 1 of 2 Groups Group 1 > Take 3 credits From S26398 MAT-110,ok,,Math Measurement & Literacy
A45340,Emergency Medical Science,TRD,2026,70.0,General Education Requirements,general_education_choice,BIO168,4,A45340::C GE Required Courses,4.0,2026_POS_Reduced.xlsx,999,Group 2 > Take 4 credits From S11555 BIO-168,ok,,Anatomy and Physiology I
A45340,Emergency Medical Science,TRD,2026,70.0,General Education Requirements,general_education_choice,COM120,3,A45340::GE Required COM Pick,3.0,2026_POS_Reduced.xlsx,1001,From S21722 COM-120,ok,,Intro Interpersonal Com
A45340,Emergency Medical Science,TRD,2026,70.0,General Education Requirements,general_education_choice,COM231,3,A45340::GE Required COM Pick,3.0,2026_POS_Reduced.xlsx,1002,S12601 COM-231,ok,,Public Speaking
A45340,Emergency Medical Science,TRD,2026,70.0,General Education Requirements,general_education_choice,ART111,3,A45340::HUM/FINE ARTS PICK,3.0,2026_POS_Reduced.xlsx,1004,> Take From 3 credits S10139 ART-111,ok,,Art Appreciation
A45340,Emergency Medical Science,TRD,2026,70.0,General Education Requirements,general_education_choice,ART114,3,A45340::HUM/FINE ARTS PICK,3.0,2026_POS_Reduced.xlsx,1005,S10200 ART-114,ok,,Art History Survey I
A45340,Emergency Medical Science,TRD,2026,70.0,General Education Requirements,general_education_choice,ART115,3,A45340::HUM/FINE ARTS PICK,3.0,2026_POS_Reduced.xlsx,1006,S10149 ART-115,ok,,Art History Survey II
A45340,Emergency Medical Science,TRD,2026,70.0,General Education Requirements,general_education_choice,ART116,3,A45340::HUM/FINE ARTS PICK,3.0,2026_POS_Reduced.xlsx,1007,S10174 ART-116,ok,,Survey of American Art
A45340,Emergency Medical Science,TRD,2026,70.0,General Education Requirements,general_education_choice,ART117,3,A45340::HUM/FINE ARTS PICK,3.0,2026_POS_Reduced.xlsx,1008,S10125 ART-117,ok,,Non-Western Art History
A45340,Emergency Medical Science,TRD,2026,70.0,General Education Requirements,general_education_choice,ART121,3,A45340::HUM/FINE ARTS PICK,3.0,2026_POS_Reduced.xlsx,1009,S23014 ART-121,ok,,Two-Dimensional Design
A45340,Emergency Medical Science,TRD,2026,70.0,General Education Requirements,general_education_choice,ART131,3,A45340::HUM/FINE ARTS PICK,3.0,2026_POS_Reduced.xlsx,1010,S10812 ART-131,ok,,Drawing I
A45340,Emergency Medical Science,TRD,2026,70.0,General Education Requirements,general_education_choice,ART171,3,A45340::HUM/FINE ARTS PICK,3.0,2026_POS_Reduced.xlsx,1011,S25231 ART-171,ok,,Digital Design I
A45340,Emergency Medical Science,TRD,2026,70.0,General Education Requirements,general_education_choice,ART240,3,A45340::HUM/FINE ARTS PICK,3.0,2026_POS_Reduced.xlsx,1012,S11426 ART-240,ok,,Painting I
A45340,Emergency Medical Science,TRD,2026,70.0,General Education Requirements,general_education_choice,ART241,3,A45340::HUM/FINE ARTS PICK,3.0,2026_POS_Reduced.xlsx,1013,S11518 ART-241,ok,,Painting II
A45340,Emergency Medical Science,TRD,2026,70.0,General Education Requirements,general_education_choice,ART244,3,A45340::HUM/FINE ARTS PICK,3.0,2026_POS_Reduced.xlsx,1014,S11425 ART-244,ok,,Watercolor
A45340,Emergency Medical Science,TRD,2026,70.0,General Education Requirements,general_education_choice,ART281,3,A45340::HUM/FINE ARTS PICK,3.0,2026_POS_Reduced.xlsx,1015,S16229 ART-281,ok,,Sculpture I
A45340,Emergency Medical Science,TRD,2026,70.0,General Education Requirements,general_education_choice,ART283,3,A45340::HUM/FINE ARTS PICK,3.0,2026_POS_Reduced.xlsx,1016,S11998 ART-283,ok,,Ceramics I
A45340,Emergency Medical Science,TRD,2026,70.0,General Education Requirements,general_education_choice,ART288,3,A45340::HUM/FINE ARTS PICK,3.0,2026_POS_Reduced.xlsx,1017,S12053 ART-288,ok,,Studio
A45340,Emergency Medical Science,TRD,2026,70.0,General Education Requirements,general_education_choice,DAN110,3,A45340::HUM/FINE ARTS PICK,3.0,2026_POS_Reduced.xlsx,1018,S11905 DAN-110,ok,,Dance Appreciation
A45340,Emergency Medical Science,TRD,2026,70.0,General Education Requirements,general_education_choice,DRA111,3,A45340::HUM/FINE ARTS PICK,3.0,2026_POS_Reduced.xlsx,1019,S11248 DRA-111,ok,,Theatre Appreciation
A45340,Emergency Medical Science,TRD,2026,70.0,General Education Requirements,general_education_choice,DRA112,3,A45340::HUM/FINE ARTS PICK,3.0,2026_POS_Reduced.xlsx,1020,S10971 DRA-112,ok,,Literature of the Theatre
A45340,Emergency Medical Science,TRD,2026,70.0,General Education Requirements,general_education_choice,DRA115,3,A45340::HUM/FINE ARTS PICK,3.0,2026_POS_Reduced.xlsx,1021,S11238 DRA-115,ok,,Theatre Criticism
A45340,Emergency Medical Science,TRD,2026,70.0,General Education Requirements,general_education_choice,DRA122,3,A45340::HUM/FINE ARTS PICK,3.0,2026_POS_Reduced.xlsx,1022,S12397 DRA-122,ok,,Oral Interpretation
A45340,Emergency Medical Science,TRD,2026,70.0,General Education Requirements,general_education_choice,DRA126,3,A45340::HUM/FINE ARTS PICK,3.0,2026_POS_Reduced.xlsx,1023,S12896 DRA-126,ok,,Storytelling
A45340,Emergency Medical Science,TRD,2026,70.0,General Education Requirements,general_education_choice,DRA211,3,A45340::HUM/FINE ARTS PICK,3.0,2026_POS_Reduced.xlsx,1024,S10268 DRA-211,ok,,Theatre History I
A45340,Emergency Medical Science,TRD,2026,70.0,General Education Requirements,general_education_choice,DRA212,3,A45340::HUM/FINE ARTS PICK,3.0,2026_POS_Reduced.xlsx,1025,S10226 DRA-212,ok,,Theatre History II
A45340,Emergency Medical Science,TRD,2026,70.0,General Education Requirements,general_education_choice,HUM110,3,A45340::HUM/FINE ARTS PICK,3.0,2026_POS_Reduced.xlsx,1026,S14059 HUM-110,ok,,Technology and Society
A45340,Emergency Medical Science,TRD,2026,70.0,General Education Requirements,general_education_choice,HUM115,3,A45340::HUM/FINE ARTS PICK,3.0,2026_POS_Reduced.xlsx,1027,S26396 HUM-115,ok,,Critical Thinking
A45340,Emergency Medical Science,TRD,2026,70.0,General Education Requirements,general_education_choice,HUM120,3,A45340::HUM/FINE ARTS PICK,3.0,2026_POS_Reduced.xlsx,1028,S12973 HUM-120,ok,,Cultural Studies
A45340,Emergency Medical Science,TRD,2026,70.0,General Education Requirements,general_education_choice,HUM121,3,A45340::HUM/FINE ARTS PICK,3.0,2026_POS_Reduced.xlsx,1029,S13080 HUM-121,ok,,The Nature of America
A45340,Emergency Medical Science,TRD,2026,70.0,General Education Requirements,general_education_choice,HUM122,3,A45340::HUM/FINE ARTS PICK,3.0,2026_POS_Reduced.xlsx,1030,S13030 HUM-122,ok,,Southern Culture
A45340,Emergency Medical Science,TRD,2026,70.0,General Education Requirements,general_education_choice,HUM130,3,A45340::HUM/FINE ARTS PICK,3.0,2026_POS_Reduced.xlsx,1031,S13721 HUM-130,ok,,Myth in Human Culture
A45340,Emergency Medical Science,TRD,2026,70.0,General Education Requirements,general_education_choice,HUM150,3,A45340::HUM/FINE ARTS PICK,3.0,2026_POS_Reduced.xlsx,1032,S11249 HUM-150,ok,,American Women's Studies
A45340,Emergency Medical Science,TRD,2026,70.0,General Education Requirements,general_education_choice,HUM160,3,A45340::HUM/FINE ARTS PICK,3.0,2026_POS_Reduced.xlsx,1033,S16395 HUM-160,ok,,Introduction to Film
A45340,Emergency Medical Science,TRD,2026,70.0,General Education Requirements,general_education_choice,HUM170,3,A45340::HUM/FINE ARTS PICK,3.0,2026_POS_Reduced.xlsx,1034,S13684 HUM-170,ok,,The Holocaust
A45340,Emergency Medical Science,TRD,2026,70.0,General Education Requirements,general_education_choice,HUM211,3,A45340::HUM/FINE ARTS PICK,3.0,2026_POS_Reduced.xlsx,1035,S10430 HUM-211,ok,,Humanities I
A45340,Emergency Medical Science,TRD,2026,70.0,General Education Requirements,general_education_choice,HUM212,3,A45340::HUM/FINE ARTS PICK,3.0,2026_POS_Reduced.xlsx,1037,S10487 HUM-212,ok,,Humanities II
A45340,Emergency Medical Science,TRD,2026,70.0,General Education Requirements,general_education_choice,HUM220,3,A45340::HUM/FINE ARTS PICK,3.0,2026_POS_Reduced.xlsx,1038,S11527 HUM-220,ok,,Human Values and Meaning
A45340,Emergency Medical Science,TRD,2026,70.0,General Education Requirements,general_education_choice,HUM230,3,A45340::HUM/FINE ARTS PICK,3.0,2026_POS_Reduced.xlsx,1039,S11154 HUM-230,ok,,Leadership Development
A45340,Emergency Medical Science,TRD,2026,70.0,General Education Requirements,general_education_choice,MUS110,3,A45340::HUM/FINE ARTS PICK,3.0,2026_POS_Reduced.xlsx,1040,S13676 MUS-110,ok,,Music Appreciation
A45340,Emergency Medical Science,TRD,2026,70.0,General Education Requirements,general_education_choice,MUS112,3,A45340::HUM/FINE ARTS PICK,3.0,2026_POS_Reduced.xlsx,1041,S13646 MUS-112,ok,,Introduction to Jazz
A45340,Emergency Medical Science,TRD,2026,70.0,General Education Requirements,general_education_choice,MUS113,3,A45340::HUM/FINE ARTS PICK,3.0,2026_POS_Reduced.xlsx,1042,S13699 MUS-113,ok,,American Music
A45340,Emergency Medical Science,TRD,2026,70.0,General Education Requirements,general_education_choice,MUS114,3,A45340::HUM/FINE ARTS PICK,3.0,2026_POS_Reduced.xlsx,1043,S25735 MUS-114,ok,,Introduction to World Music
A45340,Emergency Medical Science,TRD,2026,70.0,General Education Requirements,general_education_choice,MUS213,3,A45340::HUM/FINE ARTS PICK,3.0,2026_POS_Reduced.xlsx,1044,S13978 MUS-213,ok,,Opera and Musical Theatre
A45340,Emergency Medical Science,TRD,2026,70.0,General Education Requirements,general_education_choice,PHI210,3,A45340::HUM/FINE ARTS PICK,3.0,2026_POS_Reduced.xlsx,1045,S14081 PHI-210,ok,,History of Philosophy
A45340,Emergency Medical Science,TRD,2026,70.0,General Education Requirements,general_education_choice,PHI215,3,A45340::HUM/FINE ARTS PICK,3.0,2026_POS_Reduced.xlsx,1046,S24028 PHI-215,ok,,Philosophical Issues
A45340,Emergency Medical Science,TRD,2026,70.0,General Education Requirements,general_education_choice,PHI220,3,A45340::HUM/FINE ARTS PICK,3.0,2026_POS_Reduced.xlsx,1047,S13045 PHI-220,ok,,Western Philosophy I
A45340,Emergency Medical Science,TRD,2026,70.0,General Education Requirements,general_education_choice,PHI221,3,A45340::HUM/FINE ARTS PICK,3.0,2026_POS_Reduced.xlsx,1048,S12988 PHI-221,ok,,Western Philosophy II
A45340,Emergency Medical Science,TRD,2026,70.0,General Education Requirements,general_education_choice,PHI230,3,A45340::HUM/FINE ARTS PICK,3.0,2026_POS_Reduced.xlsx,1049,S13741 PHI-230,ok,,Introduction to Logic
A45340,Emergency Medical Science,TRD,2026,70.0,General Education Requirements,general_education_choice,PHI240,3,A45340::HUM/FINE ARTS PICK,3.0,2026_POS_Reduced.xlsx,1050,S24029 PHI-240,ok,,Introduction to Ethics
A45340,Emergency Medical Science,TRD,2026,70.0,General Education Requirements,general_education_choice,REL110,3,A45340::HUM/FINE ARTS PICK,3.0,2026_POS_Reduced.xlsx,1051,S13256 REL-110,ok,,World Religions
A45340,Emergency Medical Science,TRD,2026,70.0,General Education Requirements,general_education_choice,REL111,3,A45340::HUM/FINE ARTS PICK,3.0,2026_POS_Reduced.xlsx,1052,S13358 REL-111,ok,,Eastern Religions
A45340,Emergency Medical Science,TRD,2026,70.0,General Education Requirements,general_education_choice,REL112,3,A45340::HUM/FINE ARTS PICK,3.0,2026_POS_Reduced.xlsx,1053,S13280 REL-112,ok,,Western Religions
A45340,Emergency Medical Science,TRD,2026,70.0,General Education Requirements,general_education_choice,REL211,3,A45340::HUM/FINE ARTS PICK,3.0,2026_POS_Reduced.xlsx,1054,S11707 REL-211,ok,,Intro to Old Testament
A45340,Emergency Medical Science,TRD,2026,70.0,General Education Requirements,general_education_choice,REL212,3,A45340::HUM/FINE ARTS PICK,3.0,2026_POS_Reduced.xlsx,1055,S11723 REL-212,ok,,Intro to New Testament
A45340,Emergency Medical Science,TRD,2026,70.0,General Education Requirements,general_education_choice,REL221,3,A45340::HUM/FINE ARTS PICK,3.0,2026_POS_Reduced.xlsx,1056,S11026 REL-221,ok,,Religion in America
A45340,Emergency Medical Science,TRD,2026,70.0,Major Requirements Required Courses,major_required,EMS110,9,A45340::Major Requirements Required Courses,9.0,2026_POS_Reduced.xlsx,1057,2) Major Requirements Required Courses > Take 9 credits From S25182 EMS-110,ok,,EMT
A45340,Emergency Medical Science,TRD,2026,70.0,Major Requirements Required Courses,major_choice,BIO163,5,A45340::MAJ Req BIO Pick,4.0,2026_POS_Reduced.xlsx,1059,From S13508 BIO-163,ok,,Basic Anat & Physiology
A45340,Emergency Medical Science,TRD,2026,70.0,Major Requirements Required Courses,major_choice,BIO169,4,A45340::MAJ Req BIO Pick,4.0,2026_POS_Reduced.xlsx,1060,S11629 BIO-169,ok,,Anatomy and Physiology II
A45340,Emergency Medical Science,TRD,2026,70.0,Concentration Requirements MAJ Conc Required,unresolved,EMS122,1,,36.0,2026_POS_Reduced.xlsx,1061,3) Concentration Requirements MAJ Conc Required > Take 36 credits From S25185 EMS-122,manual_review,"Required vs. choice status could not be determined safely from the source structure (no recognized ""...Pick""/""...Courses"" label for this requirement)",EMS Clinical Practicum I
A45340,Emergency Medical Science,TRD,2026,70.0,Concentration Requirements MAJ Conc Required,unresolved,EMS130,4,,36.0,2026_POS_Reduced.xlsx,1062,S25187 EMS-130,manual_review,"Required vs. choice status could not be determined safely from the source structure (no recognized ""...Pick""/""...Courses"" label for this requirement)",Pharmacology
A45340,Emergency Medical Science,TRD,2026,70.0,Concentration Requirements MAJ Conc Required,unresolved,EMS131,2,,36.0,2026_POS_Reduced.xlsx,1063,S25188 EMS-131,manual_review,"Required vs. choice status could not be determined safely from the source structure (no recognized ""...Pick""/""...Courses"" label for this requirement)",Advanced Airway Management
A45340,Emergency Medical Science,TRD,2026,70.0,Concentration Requirements MAJ Conc Required,unresolved,EMS160,3,,36.0,2026_POS_Reduced.xlsx,1064,S25189 EMS-160,manual_review,"Required vs. choice status could not be determined safely from the source structure (no recognized ""...Pick""/""...Courses"" label for this requirement)",Cardiology I
A45340,Emergency Medical Science,TRD,2026,70.0,Concentration Requirements MAJ Conc Required,unresolved,EMS220,3,,36.0,2026_POS_Reduced.xlsx,1065,S25190 EMS-220,manual_review,"Required vs. choice status could not be determined safely from the source structure (no recognized ""...Pick""/""...Courses"" label for this requirement)",Cardiology II
A45340,Emergency Medical Science,TRD,2026,70.0,Concentration Requirements MAJ Conc Required,unresolved,EMS221,2,,36.0,2026_POS_Reduced.xlsx,1066,S25191 EMS-221,manual_review,"Required vs. choice status could not be determined safely from the source structure (no recognized ""...Pick""/""...Courses"" label for this requirement)",EMS Clinical Practicum II
A45340,Emergency Medical Science,TRD,2026,70.0,Concentration Requirements MAJ Conc Required,unresolved,EMS231,3,,36.0,2026_POS_Reduced.xlsx,1067,S25192 EMS-231,manual_review,"Required vs. choice status could not be determined safely from the source structure (no recognized ""...Pick""/""...Courses"" label for this requirement)",EMS Clinical Pract III
A45340,Emergency Medical Science,TRD,2026,70.0,Concentration Requirements MAJ Conc Required,unresolved,EMS240,2,,36.0,2026_POS_Reduced.xlsx,1068,S23919 EMS-240,manual_review,"Required vs. choice status could not be determined safely from the source structure (no recognized ""...Pick""/""...Courses"" label for this requirement)",Patients W/ Special Challenges
A45340,Emergency Medical Science,TRD,2026,70.0,Concentration Requirements MAJ Conc Required,unresolved,EMS241,4,,36.0,2026_POS_Reduced.xlsx,1069,S25193 EMS-241,manual_review,"Required vs. choice status could not be determined safely from the source structure (no recognized ""...Pick""/""...Courses"" label for this requirement)",EMS Clinical Practicum IV
A45340,Emergency Medical Science,TRD,2026,70.0,Concentration Requirements MAJ Conc Required,unresolved,EMS250,4,,36.0,2026_POS_Reduced.xlsx,1070,S23921 EMS-250,manual_review,"Required vs. choice status could not be determined safely from the source structure (no recognized ""...Pick""/""...Courses"" label for this requirement)",Medical Emergencies
A45340,Emergency Medical Science,TRD,2026,70.0,Concentration Requirements MAJ Conc Required,unresolved,EMS260,2,,36.0,2026_POS_Reduced.xlsx,1071,S23922 EMS-260,manual_review,"Required vs. choice status could not be determined safely from the source structure (no recognized ""...Pick""/""...Courses"" label for this requirement)",Trauma Emergencies
A45340,Emergency Medical Science,TRD,2026,70.0,Concentration Requirements MAJ Conc Required,unresolved,EMS270,4,,36.0,2026_POS_Reduced.xlsx,1072,S25194 EMS-270,manual_review,"Required vs. choice status could not be determined safely from the source structure (no recognized ""...Pick""/""...Courses"" label for this requirement)",Life Span Emergencies
A45340,Emergency Medical Science,TRD,2026,70.0,Concentration Requirements MAJ Conc Required,unresolved,EMS285,2,,36.0,2026_POS_Reduced.xlsx,1073,S10931 EMS-285,manual_review,"Required vs. choice status could not be determined safely from the source structure (no recognized ""...Pick""/""...Courses"" label for this requirement)",EMS Capstone
A45340,Emergency Medical Science,TRD,2026,70.0,Other Major Requirements MAJ Other Required Courses,major_required,EMS210,2,A45340::Other Major Requirements MAJ Other Required Courses,2.0,2026_POS_Reduced.xlsx,1074,4) Other Major Requirements MAJ Other Required Courses > Take 2 credits From S25209 EMS-210,ok,,Adv. Patient Assessment
A45340,Emergency Medical Science,TRD,2026,70.0,Other Major Requirements MAJ Other Required Courses,major_choice,EMS115,2,A45340::MAJ Other Req EMS Pick,2.0,2026_POS_Reduced.xlsx,1075,MAJ Other Req EMS Pick > Take 2 credits From S12032 EMS-115,ok,,Defense Tactics for EMS
A45340,Emergency Medical Science,TRD,2026,70.0,Other Major Requirements MAJ Other Required Courses,major_choice,EMS125,3,A45340::MAJ Other Req EMS Pick,2.0,2026_POS_Reduced.xlsx,1077,S25186 EMS-125,ok,,EMS Instructor Methodology
A45340,Emergency Medical Science,TRD,2026,70.0,Other Major Requirements MAJ Other Required Courses,major_choice,EMS140,2,A45340::MAJ Other Req EMS Pick,2.0,2026_POS_Reduced.xlsx,1078,S23876 EMS-140,ok,,Rescue Scene Management
A45340,Emergency Medical Science,TRD,2026,70.0,Other Major Requirements MAJ Other Required Courses,major_choice,EMS235,2,A45340::MAJ Other Req EMS Pick,2.0,2026_POS_Reduced.xlsx,1079,S11658 EMS-235,ok,,EMS Management
A45340,Emergency Medical Science,TRD,2026,70.0,Other Major Requirements MAJ Other Required Courses,major_choice,MED120,2,A45340::MAJ Other Required Pick,2.0,2026_POS_Reduced.xlsx,1080,MAJ Other Required Pick > Take 1 of 2 Groups Group 1 > Take 2 credits From S12808 MED-120 1997SU Survey of Med Terminology 2.00 0.00 0.00 2.00 Group 2 > Take 6 credits,manual_review,Nested multi-level choice structure not modeled; requirement type not classified,Survey of Med Terminology
A45340,Emergency Medical Science,TRD,2026,70.0,Other Major Requirements MAJ Other Required Courses,major_choice,OST141,3,A45340::MAJ Other Required Pick,6.0,2026_POS_Reduced.xlsx,1081,From S24691 OST-141,manual_review,Nested multi-level choice structure not modeled; requirement type not classified,Med Office Terms I
A45340,Emergency Medical Science,TRD,2026,70.0,Other Major Requirements MAJ Other Required Courses,major_choice,OST142,3,A45340::MAJ Other Required Pick,6.0,2026_POS_Reduced.xlsx,1082,S24692 OST-142,manual_review,Nested multi-level choice structure not modeled; requirement type not classified,Med Office Terms II
A50240,Industrial Systems Technology,TRD,2026,67.0,General Education Requirements,general_education_choice,MAT110,3,,3.0,2026_POS_Reduced.xlsx,1086,From S26398 MAT-110,ok,,Math Measurement & Literacy
A50240,Industrial Systems Technology,TRD,2026,67.0,General Education Requirements,general_education_choice,PHY121,4,,3.0,2026_POS_Reduced.xlsx,1087,S10761 PHY-121,ok,,Applied Physics I
A50240,Industrial Systems Technology,TRD,2026,67.0,General Education Requirements,general_education_choice,ENG110,3,A50240::GE ENG Required Pick,3.0,2026_POS_Reduced.xlsx,1089,From S26392 ENG-110,ok,,Freshman Composition
A50240,Industrial Systems Technology,TRD,2026,67.0,General Education Requirements,general_education_choice,ENG111,3,A50240::GE ENG Required Pick,3.0,2026_POS_Reduced.xlsx,1090,S26393 ENG-111,ok,,Writing and Inquiry
A50240,Industrial Systems Technology,TRD,2026,67.0,General Education Requirements,general_education_choice,COM120,3,A50240::GE COM Required Pick,3.0,2026_POS_Reduced.xlsx,1092,From S21722 COM-120,ok,,Intro Interpersonal Com
A50240,Industrial Systems Technology,TRD,2026,67.0,General Education Requirements,general_education_choice,COM231,3,A50240::GE COM Required Pick,3.0,2026_POS_Reduced.xlsx,1093,S12601 COM-231,ok,,Public Speaking
A50240,Industrial Systems Technology,TRD,2026,67.0,General Education Requirements,general_education_choice,ART111,3,A50240::HUM/FINE ARTS PICK,3.0,2026_POS_Reduced.xlsx,1096,From S10139 ART-111,ok,,Art Appreciation
A50240,Industrial Systems Technology,TRD,2026,67.0,General Education Requirements,general_education_choice,ART114,3,A50240::HUM/FINE ARTS PICK,3.0,2026_POS_Reduced.xlsx,1097,S10200 ART-114,ok,,Art History Survey I
A50240,Industrial Systems Technology,TRD,2026,67.0,General Education Requirements,general_education_choice,ART115,3,A50240::HUM/FINE ARTS PICK,3.0,2026_POS_Reduced.xlsx,1098,S10149 ART-115,ok,,Art History Survey II
A50240,Industrial Systems Technology,TRD,2026,67.0,General Education Requirements,general_education_choice,ART116,3,A50240::HUM/FINE ARTS PICK,3.0,2026_POS_Reduced.xlsx,1099,S10174 ART-116,ok,,Survey of American Art
A50240,Industrial Systems Technology,TRD,2026,67.0,General Education Requirements,general_education_choice,ART117,3,A50240::HUM/FINE ARTS PICK,3.0,2026_POS_Reduced.xlsx,1100,S10125 ART-117,ok,,Non-Western Art History
A50240,Industrial Systems Technology,TRD,2026,67.0,General Education Requirements,general_education_choice,ART121,3,A50240::HUM/FINE ARTS PICK,3.0,2026_POS_Reduced.xlsx,1101,S23014 ART-121,ok,,Two-Dimensional Design
A50240,Industrial Systems Technology,TRD,2026,67.0,General Education Requirements,general_education_choice,ART131,3,A50240::HUM/FINE ARTS PICK,3.0,2026_POS_Reduced.xlsx,1102,S10812 ART-131,ok,,Drawing I
A50240,Industrial Systems Technology,TRD,2026,67.0,General Education Requirements,general_education_choice,ART171,3,A50240::HUM/FINE ARTS PICK,3.0,2026_POS_Reduced.xlsx,1103,S25231 ART-171,ok,,Digital Design I
A50240,Industrial Systems Technology,TRD,2026,67.0,General Education Requirements,general_education_choice,ART240,3,A50240::HUM/FINE ARTS PICK,3.0,2026_POS_Reduced.xlsx,1104,S11426 ART-240,ok,,Painting I
A50240,Industrial Systems Technology,TRD,2026,67.0,General Education Requirements,general_education_choice,ART260,3,A50240::HUM/FINE ARTS PICK,3.0,2026_POS_Reduced.xlsx,1105,S12736 ART-260,ok,,Photography Appreciation
A50240,Industrial Systems Technology,TRD,2026,67.0,General Education Requirements,general_education_choice,ART281,3,A50240::HUM/FINE ARTS PICK,3.0,2026_POS_Reduced.xlsx,1106,S16229 ART-281,ok,,Sculpture I
A50240,Industrial Systems Technology,TRD,2026,67.0,General Education Requirements,general_education_choice,ART283,3,A50240::HUM/FINE ARTS PICK,3.0,2026_POS_Reduced.xlsx,1107,S11998 ART-283,ok,,Ceramics I
A50240,Industrial Systems Technology,TRD,2026,67.0,General Education Requirements,general_education_choice,DAN110,3,A50240::HUM/FINE ARTS PICK,3.0,2026_POS_Reduced.xlsx,1108,S11905 DAN-110,ok,,Dance Appreciation
A50240,Industrial Systems Technology,TRD,2026,67.0,General Education Requirements,general_education_choice,DRA111,3,A50240::HUM/FINE ARTS PICK,3.0,2026_POS_Reduced.xlsx,1109,S11248 DRA-111,ok,,Theatre Appreciation
A50240,Industrial Systems Technology,TRD,2026,67.0,General Education Requirements,general_education_choice,DRA112,3,A50240::HUM/FINE ARTS PICK,3.0,2026_POS_Reduced.xlsx,1110,S10971 DRA-112,ok,,Literature of the Theatre
A50240,Industrial Systems Technology,TRD,2026,67.0,General Education Requirements,general_education_choice,DRA120,3,A50240::HUM/FINE ARTS PICK,3.0,2026_POS_Reduced.xlsx,1111,S12868 DRA-120,ok,,Voice for Performance
A50240,Industrial Systems Technology,TRD,2026,67.0,General Education Requirements,general_education_choice,DRA126,3,A50240::HUM/FINE ARTS PICK,3.0,2026_POS_Reduced.xlsx,1112,S12896 DRA-126,ok,,Storytelling
A50240,Industrial Systems Technology,TRD,2026,67.0,General Education Requirements,general_education_choice,DRA130,3,A50240::HUM/FINE ARTS PICK,3.0,2026_POS_Reduced.xlsx,1113,S10305 DRA-130,ok,,Acting I
A50240,Industrial Systems Technology,TRD,2026,67.0,General Education Requirements,general_education_choice,DRA211,3,A50240::HUM/FINE ARTS PICK,3.0,2026_POS_Reduced.xlsx,1114,S10268 DRA-211,ok,,Theatre History I
A50240,Industrial Systems Technology,TRD,2026,67.0,General Education Requirements,general_education_choice,DRA212,3,A50240::HUM/FINE ARTS PICK,3.0,2026_POS_Reduced.xlsx,1115,S10226 DRA-212,ok,,Theatre History II
A50240,Industrial Systems Technology,TRD,2026,67.0,General Education Requirements,general_education_choice,HUM110,3,A50240::HUM/FINE ARTS PICK,3.0,2026_POS_Reduced.xlsx,1116,S14059 HUM-110,ok,,Technology and Society
A50240,Industrial Systems Technology,TRD,2026,67.0,General Education Requirements,general_education_choice,HUM115,3,A50240::HUM/FINE ARTS PICK,3.0,2026_POS_Reduced.xlsx,1117,S26396 HUM-115,ok,,Critical Thinking
A50240,Industrial Systems Technology,TRD,2026,67.0,General Education Requirements,general_education_choice,HUM120,3,A50240::HUM/FINE ARTS PICK,3.0,2026_POS_Reduced.xlsx,1118,S12973 HUM-120,ok,,Cultural Studies
A50240,Industrial Systems Technology,TRD,2026,67.0,General Education Requirements,general_education_choice,HUM122,3,A50240::HUM/FINE ARTS PICK,3.0,2026_POS_Reduced.xlsx,1119,S13030 HUM-122,ok,,Southern Culture
A50240,Industrial Systems Technology,TRD,2026,67.0,General Education Requirements,general_education_choice,HUM130,3,A50240::HUM/FINE ARTS PICK,3.0,2026_POS_Reduced.xlsx,1120,S13721 HUM-130,ok,,Myth in Human Culture
A50240,Industrial Systems Technology,TRD,2026,67.0,General Education Requirements,general_education_choice,HUM150,3,A50240::HUM/FINE ARTS PICK,3.0,2026_POS_Reduced.xlsx,1121,S11249 HUM-150,ok,,American Women's Studies
A50240,Industrial Systems Technology,TRD,2026,67.0,General Education Requirements,general_education_choice,HUM160,3,A50240::HUM/FINE ARTS PICK,3.0,2026_POS_Reduced.xlsx,1122,S16395 HUM-160,ok,,Introduction to Film
A50240,Industrial Systems Technology,TRD,2026,67.0,General Education Requirements,general_education_choice,HUM211,3,A50240::HUM/FINE ARTS PICK,3.0,2026_POS_Reduced.xlsx,1123,S10430 HUM-211,ok,,Humanities I
A50240,Industrial Systems Technology,TRD,2026,67.0,General Education Requirements,general_education_choice,HUM212,3,A50240::HUM/FINE ARTS PICK,3.0,2026_POS_Reduced.xlsx,1124,S10487 HUM-212,ok,,Humanities II
A50240,Industrial Systems Technology,TRD,2026,67.0,General Education Requirements,general_education_choice,HUM230,3,A50240::HUM/FINE ARTS PICK,3.0,2026_POS_Reduced.xlsx,1125,S11154 HUM-230,ok,,Leadership Development
A50240,Industrial Systems Technology,TRD,2026,67.0,General Education Requirements,general_education_choice,MUS110,3,A50240::HUM/FINE ARTS PICK,3.0,2026_POS_Reduced.xlsx,1126,S13676 MUS-110,ok,,Music Appreciation
A50240,Industrial Systems Technology,TRD,2026,67.0,General Education Requirements,general_education_choice,MUS112,3,A50240::HUM/FINE ARTS PICK,3.0,2026_POS_Reduced.xlsx,1127,S13646 MUS-112,ok,,Introduction to Jazz
A50240,Industrial Systems Technology,TRD,2026,67.0,General Education Requirements,general_education_choice,MUS113,3,A50240::HUM/FINE ARTS PICK,3.0,2026_POS_Reduced.xlsx,1128,S13699 MUS-113,ok,,American Music
A50240,Industrial Systems Technology,TRD,2026,67.0,General Education Requirements,general_education_choice,MUS121,3,A50240::HUM/FINE ARTS PICK,3.0,2026_POS_Reduced.xlsx,1129,S25120 MUS-121,ok,,Music Theory I
A50240,Industrial Systems Technology,TRD,2026,67.0,General Education Requirements,general_education_choice,PHI230,3,A50240::HUM/FINE ARTS PICK,3.0,2026_POS_Reduced.xlsx,1130,S13741 PHI-230,ok,,Introduction to Logic
A50240,Industrial Systems Technology,TRD,2026,67.0,General Education Requirements,general_education_choice,PHI240,3,A50240::HUM/FINE ARTS PICK,3.0,2026_POS_Reduced.xlsx,1131,S24029 PHI-240,ok,,Introduction to Ethics
A50240,Industrial Systems Technology,TRD,2026,67.0,General Education Requirements,general_education_choice,REL110,3,A50240::HUM/FINE ARTS PICK,3.0,2026_POS_Reduced.xlsx,1132,S13256 REL-110,ok,,World Religions
A50240,Industrial Systems Technology,TRD,2026,67.0,General Education Requirements,general_education_choice,REL211,3,A50240::HUM/FINE ARTS PICK,3.0,2026_POS_Reduced.xlsx,1133,S11707 REL-211,ok,,Intro to Old Testament
A50240,Industrial Systems Technology,TRD,2026,67.0,General Education Requirements,general_education_choice,REL212,3,A50240::HUM/FINE ARTS PICK,3.0,2026_POS_Reduced.xlsx,1135,S11723 REL-212,ok,,Intro to New Testament
A50240,Industrial Systems Technology,TRD,2026,67.0,General Education Requirements,general_education_choice,ECO251,3,A50240::SOC/BEHAV SCI PICK,3.0,2026_POS_Reduced.xlsx,1138,From S11774 ECO-251,ok,,Prin of Microeconomics
A50240,Industrial Systems Technology,TRD,2026,67.0,General Education Requirements,general_education_choice,ECO252,3,A50240::SOC/BEHAV SCI PICK,3.0,2026_POS_Reduced.xlsx,1139,S11710 ECO-252,ok,,Prin of Macroeconomics
A50240,Industrial Systems Technology,TRD,2026,67.0,General Education Requirements,general_education_choice,GEO110,3,A50240::SOC/BEHAV SCI PICK,3.0,2026_POS_Reduced.xlsx,1140,S13710 GEO-110,ok,,Introduction to Geography
A50240,Industrial Systems Technology,TRD,2026,67.0,General Education Requirements,general_education_choice,GEO111,3,A50240::SOC/BEHAV SCI PICK,3.0,2026_POS_Reduced.xlsx,1141,S13742 GEO-111,ok,,World Regional Geography
A50240,Industrial Systems Technology,TRD,2026,67.0,General Education Requirements,general_education_choice,GEO112,3,A50240::SOC/BEHAV SCI PICK,3.0,2026_POS_Reduced.xlsx,1142,S13729 GEO-112,ok,,Cultural Geography
A50240,Industrial Systems Technology,TRD,2026,67.0,General Education Requirements,general_education_choice,HIS111,3,A50240::SOC/BEHAV SCI PICK,3.0,2026_POS_Reduced.xlsx,1143,S10799 HIS-111,ok,,World Civilizations I
A50240,Industrial Systems Technology,TRD,2026,67.0,General Education Requirements,general_education_choice,HIS121,3,A50240::SOC/BEHAV SCI PICK,3.0,2026_POS_Reduced.xlsx,1144,S13000 HIS-121,ok,,Western Civilization I
A50240,Industrial Systems Technology,TRD,2026,67.0,General Education Requirements,general_education_choice,HIS122,3,A50240::SOC/BEHAV SCI PICK,3.0,2026_POS_Reduced.xlsx,1145,S13096 HIS-122,ok,,Western Civilization II
A50240,Industrial Systems Technology,TRD,2026,67.0,General Education Requirements,general_education_choice,HIS131,3,A50240::SOC/BEHAV SCI PICK,3.0,2026_POS_Reduced.xlsx,1146,S10372 HIS-131,ok,,American History I
A50240,Industrial Systems Technology,TRD,2026,67.0,General Education Requirements,general_education_choice,HIS132,3,A50240::SOC/BEHAV SCI PICK,3.0,2026_POS_Reduced.xlsx,1147,S10386 HIS-132,ok,,American History II
A50240,Industrial Systems Technology,TRD,2026,67.0,General Education Requirements,general_education_choice,HIS162,3,A50240::SOC/BEHAV SCI PICK,3.0,2026_POS_Reduced.xlsx,1148,S12886 HIS-162,ok,,Women and History
A50240,Industrial Systems Technology,TRD,2026,67.0,General Education Requirements,general_education_choice,HIS212,3,A50240::SOC/BEHAV SCI PICK,3.0,2026_POS_Reduced.xlsx,1149,S10435 HIS-212,ok,,Medieval History
A50240,Industrial Systems Technology,TRD,2026,67.0,General Education Requirements,general_education_choice,HIS222,3,A50240::SOC/BEHAV SCI PICK,3.0,2026_POS_Reduced.xlsx,1150,S11465 HIS-222,ok,,African-American Hist I
A50240,Industrial Systems Technology,TRD,2026,67.0,General Education Requirements,general_education_choice,HIS226,3,A50240::SOC/BEHAV SCI PICK,3.0,2026_POS_Reduced.xlsx,1151,S11444 HIS-226,ok,,The Civil War
A50240,Industrial Systems Technology,TRD,2026,67.0,General Education Requirements,general_education_choice,HIS236,3,A50240::SOC/BEHAV SCI PICK,3.0,2026_POS_Reduced.xlsx,1152,S11126 HIS-236,ok,,North Carolina History
A50240,Industrial Systems Technology,TRD,2026,67.0,General Education Requirements,general_education_choice,POL120,3,A50240::SOC/BEHAV SCI PICK,3.0,2026_POS_Reduced.xlsx,1153,S24030 POL-120,ok,,American Government
A50240,Industrial Systems Technology,TRD,2026,67.0,General Education Requirements,general_education_choice,POL130,3,A50240::SOC/BEHAV SCI PICK,3.0,2026_POS_Reduced.xlsx,1154,S14316 POL-130,ok,,State & Local Government
A50240,Industrial Systems Technology,TRD,2026,67.0,General Education Requirements,general_education_choice,PSY110,3,A50240::SOC/BEHAV SCI PICK,3.0,2026_POS_Reduced.xlsx,1155,S11017 PSY-110,ok,,Life Span Development
A50240,Industrial Systems Technology,TRD,2026,67.0,General Education Requirements,general_education_choice,PSY118,3,A50240::SOC/BEHAV SCI PICK,3.0,2026_POS_Reduced.xlsx,1156,S11025 PSY-118,ok,,Interpersonal Psychology
A50240,Industrial Systems Technology,TRD,2026,67.0,General Education Requirements,general_education_choice,PSY141,3,A50240::SOC/BEHAV SCI PICK,3.0,2026_POS_Reduced.xlsx,1157,S12181 PSY-141,ok,,Psych of Death and Dying
A50240,Industrial Systems Technology,TRD,2026,67.0,General Education Requirements,general_education_choice,PSY150,3,A50240::SOC/BEHAV SCI PICK,3.0,2026_POS_Reduced.xlsx,1158,S10777 PSY-150,ok,,General Psychology
A50240,Industrial Systems Technology,TRD,2026,67.0,General Education Requirements,general_education_choice,PSY237,3,A50240::SOC/BEHAV SCI PICK,3.0,2026_POS_Reduced.xlsx,1159,S10878 PSY-237,ok,,Social Psychology
A50240,Industrial Systems Technology,TRD,2026,67.0,General Education Requirements,general_education_choice,PSY239,3,A50240::SOC/BEHAV SCI PICK,3.0,2026_POS_Reduced.xlsx,1160,S10904 PSY-239,ok,,Psychology of Personality
A50240,Industrial Systems Technology,TRD,2026,67.0,General Education Requirements,general_education_choice,PSY241,3,A50240::SOC/BEHAV SCI PICK,3.0,2026_POS_Reduced.xlsx,1161,S13114 PSY-241,ok,,Developmental Psych
A50240,Industrial Systems Technology,TRD,2026,67.0,General Education Requirements,general_education_choice,PSY259,3,A50240::SOC/BEHAV SCI PICK,3.0,2026_POS_Reduced.xlsx,1162,S10448 PSY-259,ok,,Human Sexuality
A50240,Industrial Systems Technology,TRD,2026,67.0,General Education Requirements,general_education_choice,PSY265,3,A50240::SOC/BEHAV SCI PICK,3.0,2026_POS_Reduced.xlsx,1163,S11424 PSY-265,ok,,Behavioral Modification
A50240,Industrial Systems Technology,TRD,2026,67.0,General Education Requirements,general_education_choice,PSY275,3,A50240::SOC/BEHAV SCI PICK,3.0,2026_POS_Reduced.xlsx,1164,S11131 PSY-275,ok,,Health Psychology
A50240,Industrial Systems Technology,TRD,2026,67.0,General Education Requirements,general_education_choice,PSY281,3,A50240::SOC/BEHAV SCI PICK,3.0,2026_POS_Reduced.xlsx,1165,S12906 PSY-281,ok,,Abnormal Psychology
A50240,Industrial Systems Technology,TRD,2026,67.0,Major Requirements,major_required,BPR115,2,A50240::Required Courses,23.0,2026_POS_Reduced.xlsx,1167,From S13162 BPR-115,ok,,Elc/Fluid Power Diagrams
A50240,Industrial Systems Technology,TRD,2026,67.0,Major Requirements,major_required,ELC112,5,A50240::Required Courses,23.0,2026_POS_Reduced.xlsx,1168,S26663 ELC-112,ok,,DC/AC Electricity
A50240,Industrial Systems Technology,TRD,2026,67.0,Major Requirements,major_required,HYD110,3,A50240::Required Courses,23.0,2026_POS_Reduced.xlsx,1169,S23526 HYD-110,ok,,Hydraulics/Pneumatics I
A50240,Industrial Systems Technology,TRD,2026,67.0,Major Requirements,major_required,ISC112,2,A50240::Required Courses,23.0,2026_POS_Reduced.xlsx,1170,S23527 ISC-112,ok,,Industrial Safety
A50240,Industrial Systems Technology,TRD,2026,67.0,Major Requirements,major_required,MAC141,4,A50240::Required Courses,23.0,2026_POS_Reduced.xlsx,1171,S22921 MAC-141,ok,,Machining Applications I
A50240,Industrial Systems Technology,TRD,2026,67.0,Major Requirements,major_required,MEC130,3,A50240::Required Courses,23.0,2026_POS_Reduced.xlsx,1172,S16429 MEC-130,ok,,Mechanisms
A50240,Industrial Systems Technology,TRD,2026,67.0,Major Requirements,major_required,WLD131,4,A50240::Required Courses,23.0,2026_POS_Reduced.xlsx,1173,S23306 WLD-131,ok,,GTAW (TIG) Plate
A50240,Industrial Systems Technology,TRD,2026,67.0,Concentration Requirements,major_required,ELC117,4,A50240::MAJ Required Courses,14.0,2026_POS_Reduced.xlsx,1175,From S23521 ELC-117,ok,,Motors and Controls
A50240,Industrial Systems Technology,TRD,2026,67.0,Concentration Requirements,major_required,ELC128,3,A50240::MAJ Required Courses,14.0,2026_POS_Reduced.xlsx,1176,S23522 ELC-128,ok,,Intro to PLC
A50240,Industrial Systems Technology,TRD,2026,67.0,Concentration Requirements,major_required,ELC215,3,A50240::MAJ Required Courses,14.0,2026_POS_Reduced.xlsx,1177,S21599 ELC-215,ok,,Electrical Maintenance
A50240,Industrial Systems Technology,TRD,2026,67.0,Concentration Requirements,major_required,ELC228,4,A50240::MAJ Required Courses,14.0,2026_POS_Reduced.xlsx,1178,S21601 ELC-228,ok,,PLC Applications
A50240,Industrial Systems Technology,TRD,2026,67.0,Other Major Requirements,major_required,ATR112,3,A50240::MAJ Other Required Courses,14.0,2026_POS_Reduced.xlsx,1180,From S23467 ATR-112,ok,,Intro to Automation
A50240,Industrial Systems Technology,TRD,2026,67.0,Other Major Requirements,major_required,ATR212,3,A50240::MAJ Other Required Courses,14.0,2026_POS_Reduced.xlsx,1181,S23469 ATR-212,ok,,Industrial Robots
A50240,Industrial Systems Technology,TRD,2026,67.0,Other Major Requirements,major_required,ACA120,1,A50240::MAJ Other Required Courses,1.0,2026_POS_Reduced.xlsx,1187,From S12380 ACA-120,ok,,
A50240,Industrial Systems Technology,TRD,2026,67.0,Other Major Requirements,major_required,ACA122,1,A50240::MAJ Other Required Courses,1.0,2026_POS_Reduced.xlsx,1188,S26592 ACA-122,ok,,
D50420,Welding Technology,TRD,2026,39.0,General Education Requirements,general_education_choice,PSY118,3,D50420::GE. Required Courses,3.0,2026_POS_Reduced.xlsx,1191,Class Lab Clinc/Exp Credits 1) General Education Requirements (6.00) GE. Required Courses > Take 3 credits From S11025 PSY-118 1997SU Interpersonal Psychology SB-DIP 3.00 0.00 0.00 3.00 GE Required English Pick > Take 3 credits,ok,,Interpersonal Psychology SB-DIP
D50420,Welding Technology,TRD,2026,39.0,General Education Requirements,general_education_choice,ENG101,3,D50420::GE Required English Pick,3.0,2026_POS_Reduced.xlsx,1192,From S12858 ENG-101,ok,,Applied
D50420,Welding Technology,TRD,2026,39.0,General Education Requirements,general_education_choice,ENG111,3,D50420::GE Required English Pick,3.0,2026_POS_Reduced.xlsx,1193,S26393 ENG-111,ok,,Writing
D50420,Welding Technology,TRD,2026,39.0,Major Requirements MAJ Required Courses,major_required,WLD110,2,D50420::Major Requirements MAJ Required Courses,18.0,2026_POS_Reduced.xlsx,1194,2) Major Requirements MAJ Required Courses > Take 18 credits From S23303 WLD-110,ok,,Cutting
D50420,Welding Technology,TRD,2026,39.0,Major Requirements MAJ Required Courses,major_required,WLD115,5,D50420::Major Requirements MAJ Required Courses,18.0,2026_POS_Reduced.xlsx,1195,S23304 WLD-115,ok,,SMAW (Stick) Plate
D50420,Welding Technology,TRD,2026,39.0,Major Requirements MAJ Required Courses,major_required,WLD121,4,D50420::Major Requirements MAJ Required Courses,18.0,2026_POS_Reduced.xlsx,1196,S26457 WLD-121,ok,,GMAW (MIG) FCAW/Plate
D50420,Welding Technology,TRD,2026,39.0,Major Requirements MAJ Required Courses,major_required,WLD131,4,D50420::Major Requirements MAJ Required Courses,18.0,2026_POS_Reduced.xlsx,1197,S23306 WLD-131,ok,,GTAW (TIG) Plate
D50420,Welding Technology,TRD,2026,39.0,Major Requirements MAJ Required Courses,major_required,WLD141,3,D50420::Major Requirements MAJ Required Courses,18.0,2026_POS_Reduced.xlsx,1198,S23307 WLD-141,ok,,Symbols & Specifications
D50420,Welding Technology,TRD,2026,39.0,Other Major Requirements Maj Other Required Courses,major_required,CIS113,1,D50420::Other Major Requirements Maj Other Required Courses,12.0,2026_POS_Reduced.xlsx,1199,3) Other Major Requirements Maj Other Required Courses > Take 12 credits From S21060 CIS-113,ok,,Computer Basics
D50420,Welding Technology,TRD,2026,39.0,Other Major Requirements Maj Other Required Courses,major_required,WLD116,4,D50420::Other Major Requirements Maj Other Required Courses,12.0,2026_POS_Reduced.xlsx,1200,S10935 WLD-116,ok,,SMAW (stick) Plate/Pipe
D50420,Welding Technology,TRD,2026,39.0,Other Major Requirements Maj Other Required Courses,major_required,WLD132,3,D50420::Other Major Requirements Maj Other Required Courses,12.0,2026_POS_Reduced.xlsx,1201,S10497 WLD-132,ok,,GTAW (TIG) Plate/Pipe
D50420,Welding Technology,TRD,2026,39.0,Other Major Requirements Maj Other Required Courses,major_required,WLD151,4,D50420::Other Major Requirements Maj Other Required Courses,12.0,2026_POS_Reduced.xlsx,1202,S22456 WLD-151,ok,,Fabrication I
D50420,Welding Technology,TRD,2026,39.0,Other Major Requirements Maj Other Required Courses,major_choice,WLD261,2,D50420::MAJ Other Required Pick,2.0,2026_POS_Reduced.xlsx,1203,MAJ Other Required Pick > Take 2 credits From S12019 WLD-261,ok,,Certification Practices
D50420,Welding Technology,TRD,2026,39.0,Other Major Requirements Maj Other Required Courses,major_choice,WBL112,2,D50420::MAJ Other Required Pick,2.0,2026_POS_Reduced.xlsx,1204,S23795 WBL-112,ok,,Work-Based Learning I
D50420,Welding Technology,TRD,2026,39.0,Other Requirements Other Required ACA,unresolved,ACA120,1,,1.0,2026_POS_Reduced.xlsx,1205,4) Other Requirements Other Required ACA > Take 1 credit From S12380 ACA-120,manual_review,"Required vs. choice status could not be determined safely from the source structure (no recognized ""...Pick""/""...Courses"" label for this requirement)",Career Assessment
A55180,Criminal Justice Technology,TRD,2026,65.0,General Education Requirements,general_education_choice,COM231,3,A55180::GE Required Courses,9.0,2026_POS_Reduced.xlsx,1209,From S12601 COM-231,ok,,Public Speaking
A55180,Criminal Justice Technology,TRD,2026,65.0,General Education Requirements,general_education_choice,ENG111,3,A55180::GE Required Courses,9.0,2026_POS_Reduced.xlsx,1210,S26393 ENG-111,ok,,Writing and Inquiry
A55180,Criminal Justice Technology,TRD,2026,65.0,General Education Requirements,general_education_choice,MAT143,3,A55180::GE Required Courses,9.0,2026_POS_Reduced.xlsx,1211,S26401 MAT-143,ok,,Quantitative Literacy
A55180,Criminal Justice Technology,TRD,2026,65.0,General Education Requirements,general_education_choice,PSY150,3,A55180::GE Req Soc/Behav Pick,3.0,2026_POS_Reduced.xlsx,1213,From S10777 PSY-150,ok,,General Psychology
A55180,Criminal Justice Technology,TRD,2026,65.0,General Education Requirements,general_education_choice,SOC210,3,A55180::GE Req Soc/Behav Pick,3.0,2026_POS_Reduced.xlsx,1214,S11919 SOC-210,ok,,Introduction to Sociology
A55180,Criminal Justice Technology,TRD,2026,65.0,General Education Requirements,general_education_choice,ART111,3,A55180::HUM/FINE ARTS PICK,3.0,2026_POS_Reduced.xlsx,1217,From S10139 ART-111,ok,,Art Appreciation
A55180,Criminal Justice Technology,TRD,2026,65.0,General Education Requirements,general_education_choice,ART114,3,A55180::HUM/FINE ARTS PICK,3.0,2026_POS_Reduced.xlsx,1218,S10200 ART-114,ok,,Art History Survey I
A55180,Criminal Justice Technology,TRD,2026,65.0,General Education Requirements,general_education_choice,ART115,3,A55180::HUM/FINE ARTS PICK,3.0,2026_POS_Reduced.xlsx,1219,S10149 ART-115,ok,,Art History Survey II
A55180,Criminal Justice Technology,TRD,2026,65.0,General Education Requirements,general_education_choice,ART116,3,A55180::HUM/FINE ARTS PICK,3.0,2026_POS_Reduced.xlsx,1220,S10174 ART-116,ok,,Survey of American Art
A55180,Criminal Justice Technology,TRD,2026,65.0,General Education Requirements,general_education_choice,ART117,3,A55180::HUM/FINE ARTS PICK,3.0,2026_POS_Reduced.xlsx,1221,S10125 ART-117,ok,,Non-Western Art History
A55180,Criminal Justice Technology,TRD,2026,65.0,General Education Requirements,general_education_choice,ART121,3,A55180::HUM/FINE ARTS PICK,3.0,2026_POS_Reduced.xlsx,1222,S23014 ART-121,ok,,Two-Dimensional Design
A55180,Criminal Justice Technology,TRD,2026,65.0,General Education Requirements,general_education_choice,ART131,3,A55180::HUM/FINE ARTS PICK,3.0,2026_POS_Reduced.xlsx,1223,S10812 ART-131,ok,,Drawing I
A55180,Criminal Justice Technology,TRD,2026,65.0,General Education Requirements,general_education_choice,ART171,3,A55180::HUM/FINE ARTS PICK,3.0,2026_POS_Reduced.xlsx,1224,S25231 ART-171,ok,,Digital Design I
A55180,Criminal Justice Technology,TRD,2026,65.0,General Education Requirements,general_education_choice,ART240,3,A55180::HUM/FINE ARTS PICK,3.0,2026_POS_Reduced.xlsx,1225,S11426 ART-240,ok,,Painting I
A55180,Criminal Justice Technology,TRD,2026,65.0,General Education Requirements,general_education_choice,ART241,3,A55180::HUM/FINE ARTS PICK,3.0,2026_POS_Reduced.xlsx,1226,S11518 ART-241,ok,,Painting II
A55180,Criminal Justice Technology,TRD,2026,65.0,General Education Requirements,general_education_choice,ART244,3,A55180::HUM/FINE ARTS PICK,3.0,2026_POS_Reduced.xlsx,1227,S11425 ART-244,ok,,Watercolor
A55180,Criminal Justice Technology,TRD,2026,65.0,General Education Requirements,general_education_choice,ART281,3,A55180::HUM/FINE ARTS PICK,3.0,2026_POS_Reduced.xlsx,1228,S16229 ART-281,ok,,Sculpture I
A55180,Criminal Justice Technology,TRD,2026,65.0,General Education Requirements,general_education_choice,ART283,3,A55180::HUM/FINE ARTS PICK,3.0,2026_POS_Reduced.xlsx,1229,S11998 ART-283,ok,,Ceramics I
A55180,Criminal Justice Technology,TRD,2026,65.0,General Education Requirements,general_education_choice,ART288,3,A55180::HUM/FINE ARTS PICK,3.0,2026_POS_Reduced.xlsx,1230,S12053 ART-288,ok,,Studio
A55180,Criminal Justice Technology,TRD,2026,65.0,General Education Requirements,general_education_choice,DAN110,3,A55180::HUM/FINE ARTS PICK,3.0,2026_POS_Reduced.xlsx,1231,S11905 DAN-110,ok,,Dance Appreciation
A55180,Criminal Justice Technology,TRD,2026,65.0,General Education Requirements,general_education_choice,DRA111,3,A55180::HUM/FINE ARTS PICK,3.0,2026_POS_Reduced.xlsx,1232,S11248 DRA-111,ok,,Theatre Appreciation
A55180,Criminal Justice Technology,TRD,2026,65.0,General Education Requirements,general_education_choice,DRA112,3,A55180::HUM/FINE ARTS PICK,3.0,2026_POS_Reduced.xlsx,1233,S10971 DRA-112,ok,,Literature of the Theatre
A55180,Criminal Justice Technology,TRD,2026,65.0,General Education Requirements,general_education_choice,DRA115,3,A55180::HUM/FINE ARTS PICK,3.0,2026_POS_Reduced.xlsx,1234,S11238 DRA-115,ok,,Theatre Criticism
A55180,Criminal Justice Technology,TRD,2026,65.0,General Education Requirements,general_education_choice,DRA122,3,A55180::HUM/FINE ARTS PICK,3.0,2026_POS_Reduced.xlsx,1235,S12397 DRA-122,ok,,Oral Interpretation
A55180,Criminal Justice Technology,TRD,2026,65.0,General Education Requirements,general_education_choice,DRA126,3,A55180::HUM/FINE ARTS PICK,3.0,2026_POS_Reduced.xlsx,1236,S12896 DRA-126,ok,,Storytelling
A55180,Criminal Justice Technology,TRD,2026,65.0,General Education Requirements,general_education_choice,DRA211,3,A55180::HUM/FINE ARTS PICK,3.0,2026_POS_Reduced.xlsx,1237,S10268 DRA-211,ok,,Theatre History I
A55180,Criminal Justice Technology,TRD,2026,65.0,General Education Requirements,general_education_choice,DRA212,3,A55180::HUM/FINE ARTS PICK,3.0,2026_POS_Reduced.xlsx,1238,S10226 DRA-212,ok,,Theatre History II
A55180,Criminal Justice Technology,TRD,2026,65.0,General Education Requirements,general_education_choice,HUM110,3,A55180::HUM/FINE ARTS PICK,3.0,2026_POS_Reduced.xlsx,1239,S14059 HUM-110,ok,,Technology and Society
A55180,Criminal Justice Technology,TRD,2026,65.0,General Education Requirements,general_education_choice,HUM115,3,A55180::HUM/FINE ARTS PICK,3.0,2026_POS_Reduced.xlsx,1240,S26396 HUM-115,ok,,Critical Thinking
A55180,Criminal Justice Technology,TRD,2026,65.0,General Education Requirements,general_education_choice,HUM120,3,A55180::HUM/FINE ARTS PICK,3.0,2026_POS_Reduced.xlsx,1241,S12973 HUM-120,ok,,Cultural Studies
A55180,Criminal Justice Technology,TRD,2026,65.0,General Education Requirements,general_education_choice,HUM121,3,A55180::HUM/FINE ARTS PICK,3.0,2026_POS_Reduced.xlsx,1242,S13080 HUM-121,ok,,The Nature of America
A55180,Criminal Justice Technology,TRD,2026,65.0,General Education Requirements,general_education_choice,HUM122,3,A55180::HUM/FINE ARTS PICK,3.0,2026_POS_Reduced.xlsx,1243,S13030 HUM-122,ok,,Southern Culture
A55180,Criminal Justice Technology,TRD,2026,65.0,General Education Requirements,general_education_choice,HUM130,3,A55180::HUM/FINE ARTS PICK,3.0,2026_POS_Reduced.xlsx,1244,S13721 HUM-130,ok,,Myth in Human Culture
A55180,Criminal Justice Technology,TRD,2026,65.0,General Education Requirements,general_education_choice,HUM150,3,A55180::HUM/FINE ARTS PICK,3.0,2026_POS_Reduced.xlsx,1245,S11249 HUM-150,ok,,American Women's Studies
A55180,Criminal Justice Technology,TRD,2026,65.0,General Education Requirements,general_education_choice,HUM160,3,A55180::HUM/FINE ARTS PICK,3.0,2026_POS_Reduced.xlsx,1246,S16395 HUM-160,ok,,Introduction to Film
A55180,Criminal Justice Technology,TRD,2026,65.0,General Education Requirements,general_education_choice,HUM170,3,A55180::HUM/FINE ARTS PICK,3.0,2026_POS_Reduced.xlsx,1247,S13684 HUM-170,ok,,The Holocaust
A55180,Criminal Justice Technology,TRD,2026,65.0,General Education Requirements,general_education_choice,HUM211,3,A55180::HUM/FINE ARTS PICK,3.0,2026_POS_Reduced.xlsx,1248,S10430 HUM-211,ok,,Humanities I
A55180,Criminal Justice Technology,TRD,2026,65.0,General Education Requirements,general_education_choice,HUM212,3,A55180::HUM/FINE ARTS PICK,3.0,2026_POS_Reduced.xlsx,1249,S10487 HUM-212,ok,,Humanities II
A55180,Criminal Justice Technology,TRD,2026,65.0,General Education Requirements,general_education_choice,HUM220,3,A55180::HUM/FINE ARTS PICK,3.0,2026_POS_Reduced.xlsx,1250,S11527 HUM-220,ok,,Human Values and Meaning
A55180,Criminal Justice Technology,TRD,2026,65.0,General Education Requirements,general_education_choice,HUM230,3,A55180::HUM/FINE ARTS PICK,3.0,2026_POS_Reduced.xlsx,1251,S11154 HUM-230,ok,,Leadership Development
A55180,Criminal Justice Technology,TRD,2026,65.0,General Education Requirements,general_education_choice,MUS110,3,A55180::HUM/FINE ARTS PICK,3.0,2026_POS_Reduced.xlsx,1252,S13676 MUS-110,ok,,Music Appreciation
A55180,Criminal Justice Technology,TRD,2026,65.0,General Education Requirements,general_education_choice,MUS112,3,A55180::HUM/FINE ARTS PICK,3.0,2026_POS_Reduced.xlsx,1253,S13646 MUS-112,ok,,Introduction to Jazz
A55180,Criminal Justice Technology,TRD,2026,65.0,General Education Requirements,general_education_choice,MUS113,3,A55180::HUM/FINE ARTS PICK,3.0,2026_POS_Reduced.xlsx,1254,S13699 MUS-113,ok,,American Music
A55180,Criminal Justice Technology,TRD,2026,65.0,General Education Requirements,general_education_choice,MUS114,3,A55180::HUM/FINE ARTS PICK,3.0,2026_POS_Reduced.xlsx,1255,S25735 MUS-114,ok,,Introduction to World Music
A55180,Criminal Justice Technology,TRD,2026,65.0,General Education Requirements,general_education_choice,MUS213,3,A55180::HUM/FINE ARTS PICK,3.0,2026_POS_Reduced.xlsx,1256,S13978 MUS-213,ok,,Opera and Musical Theatre
A55180,Criminal Justice Technology,TRD,2026,65.0,General Education Requirements,general_education_choice,PHI210,3,A55180::HUM/FINE ARTS PICK,3.0,2026_POS_Reduced.xlsx,1257,S14081 PHI-210,ok,,History of Philosophy
A55180,Criminal Justice Technology,TRD,2026,65.0,General Education Requirements,general_education_choice,PHI215,3,A55180::HUM/FINE ARTS PICK,3.0,2026_POS_Reduced.xlsx,1258,S24028 PHI-215,ok,,Philosophical Issues
A55180,Criminal Justice Technology,TRD,2026,65.0,General Education Requirements,general_education_choice,PHI220,3,A55180::HUM/FINE ARTS PICK,3.0,2026_POS_Reduced.xlsx,1260,S13045 PHI-220,ok,,Western Philosophy I
A55180,Criminal Justice Technology,TRD,2026,65.0,General Education Requirements,general_education_choice,PHI221,3,A55180::HUM/FINE ARTS PICK,3.0,2026_POS_Reduced.xlsx,1261,S12988 PHI-221,ok,,Western Philosophy II
A55180,Criminal Justice Technology,TRD,2026,65.0,General Education Requirements,general_education_choice,PHI230,3,A55180::HUM/FINE ARTS PICK,3.0,2026_POS_Reduced.xlsx,1262,S13741 PHI-230,ok,,Introduction to Logic
A55180,Criminal Justice Technology,TRD,2026,65.0,General Education Requirements,general_education_choice,PHI240,3,A55180::HUM/FINE ARTS PICK,3.0,2026_POS_Reduced.xlsx,1263,S24029 PHI-240,ok,,Introduction to Ethics
A55180,Criminal Justice Technology,TRD,2026,65.0,General Education Requirements,general_education_choice,REL110,3,A55180::HUM/FINE ARTS PICK,3.0,2026_POS_Reduced.xlsx,1264,S13256 REL-110,ok,,World Religions
A55180,Criminal Justice Technology,TRD,2026,65.0,General Education Requirements,general_education_choice,REL111,3,A55180::HUM/FINE ARTS PICK,3.0,2026_POS_Reduced.xlsx,1265,S13358 REL-111,ok,,Eastern Religions
A55180,Criminal Justice Technology,TRD,2026,65.0,General Education Requirements,general_education_choice,REL112,3,A55180::HUM/FINE ARTS PICK,3.0,2026_POS_Reduced.xlsx,1266,S13280 REL-112,ok,,Western Religions
A55180,Criminal Justice Technology,TRD,2026,65.0,General Education Requirements,general_education_choice,REL211,3,A55180::HUM/FINE ARTS PICK,3.0,2026_POS_Reduced.xlsx,1267,S11707 REL-211,ok,,Intro to Old Testament
A55180,Criminal Justice Technology,TRD,2026,65.0,General Education Requirements,general_education_choice,REL212,3,A55180::HUM/FINE ARTS PICK,3.0,2026_POS_Reduced.xlsx,1268,S11723 REL-212,ok,,Intro to New Testament
A55180,Criminal Justice Technology,TRD,2026,65.0,General Education Requirements,general_education_choice,REL221,3,A55180::HUM/FINE ARTS PICK,3.0,2026_POS_Reduced.xlsx,1269,S11026 REL-221,ok,,Religion in America
A55180,Criminal Justice Technology,TRD,2026,65.0,Major Requirements,major_required,CJC111,3,A55180::Required Courses,22.0,2026_POS_Reduced.xlsx,1271,From S10631 CJC-111,ok,,Intro to Criminal Justice
A55180,Criminal Justice Technology,TRD,2026,65.0,Major Requirements,major_required,CJC112,3,A55180::Required Courses,22.0,2026_POS_Reduced.xlsx,1272,S10598 CJC-112,ok,,Criminology
A55180,Criminal Justice Technology,TRD,2026,65.0,Major Requirements,major_required,CJC113,3,A55180::Required Courses,22.0,2026_POS_Reduced.xlsx,1273,S10602 CJC-113,ok,,Juvenile Justice
A55180,Criminal Justice Technology,TRD,2026,65.0,Major Requirements,major_required,CJC131,3,A55180::Required Courses,22.0,2026_POS_Reduced.xlsx,1274,S11110 CJC-131,ok,,Criminal Law
A55180,Criminal Justice Technology,TRD,2026,65.0,Major Requirements,major_required,CJC212,3,A55180::Required Courses,22.0,2026_POS_Reduced.xlsx,1275,S10970 CJC-212,ok,,Ethics & Comm Relations
A55180,Criminal Justice Technology,TRD,2026,65.0,Major Requirements,major_required,CJC221,4,A55180::Required Courses,22.0,2026_POS_Reduced.xlsx,1276,S12498 CJC-221,ok,,Investigative Principles
A55180,Criminal Justice Technology,TRD,2026,65.0,Major Requirements,major_required,CJC231,3,A55180::Required Courses,22.0,2026_POS_Reduced.xlsx,1277,S10090 CJC-231,ok,,Constitutional Law
A55180,Criminal Justice Technology,TRD,2026,65.0,Other Major Requirements MAJ OTHER REQUIRED,unresolved,CIS110,3,,9.0,2026_POS_Reduced.xlsx,1278,3) Other Major Requirements MAJ OTHER REQUIRED > Take 9 credits From S21058 CIS-110,manual_review,"Required vs. choice status could not be determined safely from the source structure (no recognized ""...Pick""/""...Courses"" label for this requirement)",Introduction to Computers
A55180,Criminal Justice Technology,TRD,2026,65.0,Other Major Requirements MAJ OTHER REQUIRED,unresolved,CJC132,3,,9.0,2026_POS_Reduced.xlsx,1279,S11046 CJC-132,manual_review,"Required vs. choice status could not be determined safely from the source structure (no recognized ""...Pick""/""...Courses"" label for this requirement)",Court Procedure & Evidence
A55180,Criminal Justice Technology,TRD,2026,65.0,Other Major Requirements MAJ OTHER REQUIRED,unresolved,CJC141,3,,9.0,2026_POS_Reduced.xlsx,1280,S12643 CJC-141,manual_review,"Required vs. choice status could not be determined safely from the source structure (no recognized ""...Pick""/""...Courses"" label for this requirement)",Corrections
A55180,Criminal Justice Technology,TRD,2026,65.0,Other Major Requirements MAJ OTHER REQUIRED,major_choice,BIO111,4,A55180::MAJ OTHER REQ. PICK,18.0,2026_POS_Reduced.xlsx,1281,MAJ OTHER REQ. PICK > Take 18 credits From S24020 BIO-111,ok,,General Biology I
A55180,Criminal Justice Technology,TRD,2026,65.0,Other Major Requirements MAJ OTHER REQUIRED,major_choice,BIO112,4,A55180::MAJ OTHER REQ. PICK,18.0,2026_POS_Reduced.xlsx,1282,S24021 BIO-112,ok,,General Biology II
A55180,Criminal Justice Technology,TRD,2026,65.0,Other Major Requirements MAJ OTHER REQUIRED,major_choice,CJC115,3,A55180::MAJ OTHER REQ. PICK,18.0,2026_POS_Reduced.xlsx,1283,S24648 CJC-115,ok,,Crime Scene Photography
A55180,Criminal Justice Technology,TRD,2026,65.0,Other Major Requirements MAJ OTHER REQUIRED,major_choice,CJC120,2,A55180::MAJ OTHER REQ. PICK,18.0,2026_POS_Reduced.xlsx,1284,S11674 CJC-120,ok,,Interviews/Interrogations
A55180,Criminal Justice Technology,TRD,2026,65.0,Other Major Requirements MAJ OTHER REQUIRED,major_choice,CJC121,3,A55180::MAJ OTHER REQ. PICK,18.0,2026_POS_Reduced.xlsx,1285,S11746 CJC-121,ok,,Law Enforcement Operations
A55180,Criminal Justice Technology,TRD,2026,65.0,Other Major Requirements MAJ OTHER REQUIRED,major_choice,CJC122,3,A55180::MAJ OTHER REQ. PICK,18.0,2026_POS_Reduced.xlsx,1286,S11648 CJC-122,ok,,Community Policing
A55180,Criminal Justice Technology,TRD,2026,65.0,Other Major Requirements MAJ OTHER REQUIRED,major_choice,CJC151,3,A55180::MAJ OTHER REQ. PICK,18.0,2026_POS_Reduced.xlsx,1287,S10203 CJC-151,ok,,Intro to Loss Prevention
A55180,Criminal Justice Technology,TRD,2026,65.0,Other Major Requirements MAJ OTHER REQUIRED,major_choice,CJC160,3,A55180::MAJ OTHER REQ. PICK,18.0,2026_POS_Reduced.xlsx,1288,S20701 CJC-160,ok,,Terrorism: Underlying Issu
A55180,Criminal Justice Technology,TRD,2026,65.0,Other Major Requirements MAJ OTHER REQUIRED,major_choice,CJC161,3,A55180::MAJ OTHER REQ. PICK,18.0,2026_POS_Reduced.xlsx,1289,S22941 CJC-161,ok,,Intro Homeland Security
A55180,Criminal Justice Technology,TRD,2026,65.0,Other Major Requirements MAJ OTHER REQUIRED,major_choice,CJC162,3,A55180::MAJ OTHER REQ. PICK,18.0,2026_POS_Reduced.xlsx,1290,S22942 CJC-162,ok,,Intel Analysis & Sec Mgmt
A55180,Criminal Justice Technology,TRD,2026,65.0,Other Major Requirements MAJ OTHER REQUIRED,major_choice,CJC163,3,A55180::MAJ OTHER REQ. PICK,18.0,2026_POS_Reduced.xlsx,1291,S22943 CJC-163,ok,,Trans and Border Security
A55180,Criminal Justice Technology,TRD,2026,65.0,Other Major Requirements MAJ OTHER REQUIRED,major_choice,CJC170,3,A55180::MAJ OTHER REQ. PICK,18.0,2026_POS_Reduced.xlsx,1292,S20591 CJC-170,ok,,Critical Incident Mgmt Pub
A55180,Criminal Justice Technology,TRD,2026,65.0,Other Major Requirements MAJ OTHER REQUIRED,major_choice,CJC211,3,A55180::MAJ OTHER REQ. PICK,18.0,2026_POS_Reduced.xlsx,1293,S10993 CJC-211,ok,,Counseling
A55180,Criminal Justice Technology,TRD,2026,65.0,Other Major Requirements MAJ OTHER REQUIRED,major_choice,CJC213,3,A55180::MAJ OTHER REQ. PICK,18.0,2026_POS_Reduced.xlsx,1294,S10983 CJC-213,ok,,Substance Abuse
A55180,Criminal Justice Technology,TRD,2026,65.0,Other Major Requirements MAJ OTHER REQUIRED,major_choice,CJC214,3,A55180::MAJ OTHER REQ. PICK,18.0,2026_POS_Reduced.xlsx,1295,S10951 CJC-214,ok,,Victimology
A55180,Criminal Justice Technology,TRD,2026,65.0,Other Major Requirements MAJ OTHER REQUIRED,major_choice,CJC215,3,A55180::MAJ OTHER REQ. PICK,18.0,2026_POS_Reduced.xlsx,1296,S11008 CJC-215,ok,,Organization & Administration
A55180,Criminal Justice Technology,TRD,2026,65.0,Other Major Requirements MAJ OTHER REQUIRED,major_choice,CJC222,3,A55180::MAJ OTHER REQ. PICK,18.0,2026_POS_Reduced.xlsx,1297,S12396 CJC-222,ok,,Criminalistics
A55180,Criminal Justice Technology,TRD,2026,65.0,Other Major Requirements MAJ OTHER REQUIRED,major_choice,CJC223,3,A55180::MAJ OTHER REQ. PICK,18.0,2026_POS_Reduced.xlsx,1298,S12507 CJC-223,ok,,Organized Crime
A55180,Criminal Justice Technology,TRD,2026,65.0,Other Major Requirements MAJ OTHER REQUIRED,major_choice,CJC225,3,A55180::MAJ OTHER REQ. PICK,18.0,2026_POS_Reduced.xlsx,1299,S12466 CJC-225,ok,,Crisis Intervention
A55180,Criminal Justice Technology,TRD,2026,65.0,Other Major Requirements MAJ OTHER REQUIRED,major_choice,CJC232,3,A55180::MAJ OTHER REQ. PICK,18.0,2026_POS_Reduced.xlsx,1300,S10037 CJC-232,ok,,Civil Liability
A55180,Criminal Justice Technology,TRD,2026,65.0,Other Major Requirements MAJ OTHER REQUIRED,major_choice,CJC233,3,A55180::MAJ OTHER REQ. PICK,18.0,2026_POS_Reduced.xlsx,1301,S10073 CJC-233,ok,,Correctional Law
A55180,Criminal Justice Technology,TRD,2026,65.0,Other Major Requirements MAJ OTHER REQUIRED,major_choice,CJC240,3,A55180::MAJ OTHER REQ. PICK,18.0,2026_POS_Reduced.xlsx,1302,S25334 CJC-240,ok,,Law Enfor Mgt. & Supervis
A55180,Criminal Justice Technology,TRD,2026,65.0,Other Major Requirements MAJ OTHER REQUIRED,major_choice,CJC241,3,A55180::MAJ OTHER REQ. PICK,18.0,2026_POS_Reduced.xlsx,1303,S12261 CJC-241,ok,,Community-Based Corrections
A55180,Criminal Justice Technology,TRD,2026,65.0,Other Major Requirements MAJ OTHER REQUIRED,major_choice,CJC244,3,A55180::MAJ OTHER REQ. PICK,18.0,2026_POS_Reduced.xlsx,1304,S13812 CJC-244,ok,,Footwear and Tire Imprint
A55180,Criminal Justice Technology,TRD,2026,65.0,Other Major Requirements MAJ OTHER REQUIRED,major_choice,CJC255,3,A55180::MAJ OTHER REQ. PICK,18.0,2026_POS_Reduced.xlsx,1305,S21356 CJC-255,ok,,Issues in Crim Justice App
A55180,Criminal Justice Technology,TRD,2026,65.0,Other Major Requirements MAJ OTHER REQUIRED,major_choice,CJC260,2,A55180::MAJ OTHER REQ. PICK,18.0,2026_POS_Reduced.xlsx,1306,S21888 CJC-260,ok,,Threat Assessment
A55180,Criminal Justice Technology,TRD,2026,65.0,Other Major Requirements MAJ OTHER REQUIRED,major_choice,CJC262,2,A55180::MAJ OTHER REQ. PICK,18.0,2026_POS_Reduced.xlsx,1308,S21890 CJC-262,ok,,High-Risk Event Planning
A55180,Criminal Justice Technology,TRD,2026,65.0,Other Major Requirements MAJ OTHER REQUIRED,major_choice,EPT120,3,A55180::MAJ OTHER REQ. PICK,18.0,2026_POS_Reduced.xlsx,1309,S20530 EPT-120,ok,,Sociology of Disaster
A55180,Criminal Justice Technology,TRD,2026,65.0,Other Major Requirements MAJ OTHER REQUIRED,major_choice,EPT130,3,A55180::MAJ OTHER REQ. PICK,18.0,2026_POS_Reduced.xlsx,1310,S22189 EPT-130,ok,,Mitigation & Preparedness
A55180,Criminal Justice Technology,TRD,2026,65.0,Other Major Requirements MAJ OTHER REQUIRED,major_choice,EPT210,3,A55180::MAJ OTHER REQ. PICK,18.0,2026_POS_Reduced.xlsx,1311,S22187 EPT-210,ok,,Response & Recovery
A55180,Criminal Justice Technology,TRD,2026,65.0,Other Major Requirements MAJ OTHER REQUIRED,major_choice,EPT220,3,A55180::MAJ OTHER REQ. PICK,18.0,2026_POS_Reduced.xlsx,1312,S22024 EPT-220,ok,,Terrorism and Emer. Mgt.
A55180,Criminal Justice Technology,TRD,2026,65.0,Other Major Requirements MAJ OTHER REQUIRED,major_choice,PAD151,3,A55180::MAJ OTHER REQ. PICK,18.0,2026_POS_Reduced.xlsx,1313,S24135 PAD-151,ok,,Intro to Public Admin
A55180,Criminal Justice Technology,TRD,2026,65.0,Other Major Requirements MAJ OTHER REQUIRED,major_choice,PAD152,3,A55180::MAJ OTHER REQ. PICK,18.0,2026_POS_Reduced.xlsx,1314,S24136 PAD-152,ok,,Ethics in Government
A55180,Criminal Justice Technology,TRD,2026,65.0,Other Major Requirements MAJ OTHER REQUIRED,major_choice,PAD251,3,A55180::MAJ OTHER REQ. PICK,18.0,2026_POS_Reduced.xlsx,1315,S24137 PAD-251,ok,,Public Finance & Budgeting
A55180,Criminal Justice Technology,TRD,2026,65.0,Other Major Requirements MAJ OTHER REQUIRED,major_choice,PAD252,3,A55180::MAJ OTHER REQ. PICK,18.0,2026_POS_Reduced.xlsx,1316,S24138 PAD-252,ok,,Public Policy Analysis
A55180,Criminal Justice Technology,TRD,2026,65.0,Other Major Requirements MAJ OTHER REQUIRED,major_choice,PAD254,3,A55180::MAJ OTHER REQ. PICK,18.0,2026_POS_Reduced.xlsx,1317,S11855 PAD-254,ok,,Grant Writing
A55180,Criminal Justice Technology,TRD,2026,65.0,Other Major Requirements MAJ OTHER REQUIRED,major_choice,PED110,2,A55180::MAJ OTHER REQ. PICK,18.0,2026_POS_Reduced.xlsx,1318,S11789 PED-110,ok,,Fit and Well for Life
A55180,Criminal Justice Technology,TRD,2026,65.0,Other Major Requirements MAJ OTHER REQUIRED,major_choice,SPA111,3,A55180::MAJ OTHER REQ. PICK,18.0,2026_POS_Reduced.xlsx,1319,S13047 SPA-111,ok,,Elementary Spanish I
A55180,Criminal Justice Technology,TRD,2026,65.0,Other Major Requirements MAJ OTHER REQUIRED,major_choice,WBL111,1,A55180::MAJ OTHER REQ. PICK,18.0,2026_POS_Reduced.xlsx,1320,S23794 WBL-111,ok,,Work-Based Learning I
A55180,Criminal Justice Technology,TRD,2026,65.0,Other Major Requirements MAJ OTHER REQUIRED,major_choice,WBL112,2,A55180::MAJ OTHER REQ. PICK,18.0,2026_POS_Reduced.xlsx,1321,S23795 WBL-112,ok,,Work-Based Learning I
A55180,Criminal Justice Technology,TRD,2026,65.0,Other Major Requirements MAJ OTHER REQUIRED,major_choice,WBL113,3,A55180::MAJ OTHER REQ. PICK,18.0,2026_POS_Reduced.xlsx,1322,S23797 WBL-113,ok,,Work-Based Learning I
A55180,Criminal Justice Technology,TRD,2026,65.0,Other Major Requirements MAJ OTHER REQUIRED,major_choice,WBL121,1,A55180::MAJ OTHER REQ. PICK,18.0,2026_POS_Reduced.xlsx,1323,S23800 WBL-121,ok,,Work-Based Learning II
A55180,Criminal Justice Technology,TRD,2026,65.0,Other Major Requirements MAJ OTHER REQUIRED,major_choice,WBL122,2,A55180::MAJ OTHER REQ. PICK,18.0,2026_POS_Reduced.xlsx,1324,S23801 WBL-122,ok,,Work-Based Learning II
A55180,Criminal Justice Technology,TRD,2026,65.0,Other Major Requirements MAJ OTHER REQUIRED,major_choice,WBL123,3,A55180::MAJ OTHER REQ. PICK,18.0,2026_POS_Reduced.xlsx,1325,S23802 WBL-123,ok,,Work-Based Learning II
A55180,Criminal Justice Technology,TRD,2026,65.0,Other Major Requirements MAJ OTHER REQUIRED,major_choice,WBL131,1,A55180::MAJ OTHER REQ. PICK,18.0,2026_POS_Reduced.xlsx,1326,S23805 WBL-131,ok,,Work-Based Learning III
A55180,Criminal Justice Technology,TRD,2026,65.0,Other Major Requirements MAJ OTHER REQUIRED,major_choice,WBL132,2,A55180::MAJ OTHER REQ. PICK,18.0,2026_POS_Reduced.xlsx,1327,S23806 WBL-132,ok,,Work-Based Learning III
A55180,Criminal Justice Technology,TRD,2026,65.0,Other Major Requirements MAJ OTHER REQUIRED,major_choice,WBL133,3,A55180::MAJ OTHER REQ. PICK,18.0,2026_POS_Reduced.xlsx,1328,S23807 WBL-133,ok,,Work-Based Learning III
A55180,Criminal Justice Technology,TRD,2026,65.0,Other Major Requirements MAJ OTHER REQUIRED,major_choice,WBL211,1,A55180::MAJ OTHER REQ. PICK,18.0,2026_POS_Reduced.xlsx,1329,S23810 WBL-211,ok,,Work-Based Learning IV
A55180,Criminal Justice Technology,TRD,2026,65.0,Other Major Requirements MAJ OTHER REQUIRED,major_choice,ACA122,1,A55180::MAJ OTHER REQ. PICK,1.0,2026_POS_Reduced.xlsx,1330,MAJ Other > Take From Required ACA 1 credit S26592 ACA-122,ok,,Transfer &
